From, To, Jaccard
../joda-time/src/main/java/org/joda/time/MutablePeriod.java, ../joda-time/src/main/java/org/joda/time/MutableInterval.java, 0.06827309236947791
../joda-time/src/main/java/org/joda/time/MutablePeriod.java, ../joda-time/src/main/java/org/joda/time/Period.java, 0.12410501193317422
../joda-time/src/main/java/org/joda/time/Minutes.java, ../joda-time/src/main/java/org/joda/time/Duration.java, 0.06989247311827956
../joda-time/src/main/java/org/joda/time/Minutes.java, ../joda-time/src/main/java/org/joda/time/Months.java, 0.2265193370165746
../joda-time/src/main/java/org/joda/time/Minutes.java, ../joda-time/src/main/java/org/joda/time/Weeks.java, 0.27607361963190186
../joda-time/src/main/java/org/joda/time/Minutes.java, ../joda-time/src/main/java/org/joda/time/Hours.java, 0.26704545454545453
../joda-time/src/main/java/org/joda/time/Minutes.java, ../joda-time/src/main/java/org/joda/time/Days.java, 0.2571428571428571
../joda-time/src/main/java/org/joda/time/Minutes.java, ../joda-time/src/main/java/org/joda/time/Years.java, 0.2662337662337662
../joda-time/src/main/java/org/joda/time/Minutes.java, ../joda-time/src/main/java/org/joda/time/Seconds.java, 0.2919254658385093
../joda-time/src/main/java/org/joda/time/MutableInterval.java, ../joda-time/src/main/java/org/joda/time/Interval.java, 0.1348314606741573
../joda-time/src/main/java/org/joda/time/MutableInterval.java, ../joda-time/src/main/java/org/joda/time/base/BaseInterval.java, 0.06
../joda-time/src/main/java/org/joda/time/MutableInterval.java, ../joda-time/src/main/java/org/joda/time/base/BaseDuration.java, 0.05303030303030303
../joda-time/src/main/java/org/joda/time/ReadableInterval.java, ../joda-time/src/main/java/org/joda/time/DurationField.java, 0.058823529411764705
../joda-time/src/main/java/org/joda/time/ReadableInterval.java, ../joda-time/src/main/java/org/joda/time/ReadWritablePeriod.java, 0.05660377358490566
../joda-time/src/main/java/org/joda/time/ReadableInterval.java, ../joda-time/src/main/java/org/joda/time/ReadWritableDateTime.java, 0.05555555555555555
../joda-time/src/main/java/org/joda/time/ReadableInterval.java, ../joda-time/src/main/java/org/joda/time/ReadableDateTime.java, 0.061224489795918366
../joda-time/src/main/java/org/joda/time/DurationField.java, ../joda-time/src/main/java/org/joda/time/DateTimeField.java, 0.13157894736842105
../joda-time/src/main/java/org/joda/time/DurationField.java, ../joda-time/src/main/java/org/joda/time/ReadWritablePeriod.java, 0.05263157894736842
../joda-time/src/main/java/org/joda/time/DurationField.java, ../joda-time/src/main/java/org/joda/time/Chronology.java, 0.05
../joda-time/src/main/java/org/joda/time/DurationField.java, ../joda-time/src/main/java/org/joda/time/ReadWritableDateTime.java, 0.05172413793103448
../joda-time/src/main/java/org/joda/time/DurationField.java, ../joda-time/src/main/java/org/joda/time/ReadableDateTime.java, 0.05660377358490566
../joda-time/src/main/java/org/joda/time/Partial.java, ../joda-time/src/main/java/org/joda/time/LocalDateTime.java, 0.05688622754491018
../joda-time/src/main/java/org/joda/time/Partial.java, ../joda-time/src/main/java/org/joda/time/LocalTime.java, 0.07063197026022305
../joda-time/src/main/java/org/joda/time/Partial.java, ../joda-time/src/main/java/org/joda/time/YearMonth.java, 0.12878787878787878
../joda-time/src/main/java/org/joda/time/Partial.java, ../joda-time/src/main/java/org/joda/time/MonthDay.java, 0.1341772151898734
../joda-time/src/main/java/org/joda/time/Partial.java, ../joda-time/src/main/java/org/joda/time/TimeOfDay.java, 0.10440835266821345
../joda-time/src/main/java/org/joda/time/Partial.java, ../joda-time/src/main/java/org/joda/time/YearMonthDay.java, 0.11057692307692307
../joda-time/src/main/java/org/joda/time/Partial.java, ../joda-time/src/main/java/org/joda/time/LocalDate.java, 0.06369426751592357
../joda-time/src/main/java/org/joda/time/Partial.java, ../joda-time/src/main/java/org/joda/time/base/BasePartial.java, 0.0802675585284281
../joda-time/src/main/java/org/joda/time/Duration.java, ../joda-time/src/main/java/org/joda/time/Instant.java, 0.0728476821192053
../joda-time/src/main/java/org/joda/time/Duration.java, ../joda-time/src/main/java/org/joda/time/Weeks.java, 0.06989247311827956
../joda-time/src/main/java/org/joda/time/Duration.java, ../joda-time/src/main/java/org/joda/time/Hours.java, 0.06467661691542288
../joda-time/src/main/java/org/joda/time/Duration.java, ../joda-time/src/main/java/org/joda/time/Days.java, 0.06565656565656566
../joda-time/src/main/java/org/joda/time/Duration.java, ../joda-time/src/main/java/org/joda/time/Years.java, 0.05084745762711865
../joda-time/src/main/java/org/joda/time/Duration.java, ../joda-time/src/main/java/org/joda/time/Period.java, 0.06371191135734072
../joda-time/src/main/java/org/joda/time/Duration.java, ../joda-time/src/main/java/org/joda/time/Seconds.java, 0.06989247311827956
../joda-time/src/main/java/org/joda/time/DateMidnight.java, ../joda-time/src/main/java/org/joda/time/Instant.java, 0.06521739130434782
../joda-time/src/main/java/org/joda/time/DateMidnight.java, ../joda-time/src/main/java/org/joda/time/LocalDateTime.java, 0.12941176470588237
../joda-time/src/main/java/org/joda/time/DateMidnight.java, ../joda-time/src/main/java/org/joda/time/LocalTime.java, 0.09274193548387097
../joda-time/src/main/java/org/joda/time/DateMidnight.java, ../joda-time/src/main/java/org/joda/time/YearMonth.java, 0.07272727272727272
../joda-time/src/main/java/org/joda/time/DateMidnight.java, ../joda-time/src/main/java/org/joda/time/MonthDay.java, 0.06976744186046512
../joda-time/src/main/java/org/joda/time/DateMidnight.java, ../joda-time/src/main/java/org/joda/time/YearMonthDay.java, 0.06467661691542288
../joda-time/src/main/java/org/joda/time/DateMidnight.java, ../joda-time/src/main/java/org/joda/time/DateTime.java, 0.33095238095238094
../joda-time/src/main/java/org/joda/time/DateMidnight.java, ../joda-time/src/main/java/org/joda/time/LocalDate.java, 0.13416815742397137
../joda-time/src/main/java/org/joda/time/DateMidnight.java, ../joda-time/src/main/java/org/joda/time/MutableDateTime.java, 0.17167381974248927
../joda-time/src/main/java/org/joda/time/DateTimeField.java, ../joda-time/src/main/java/org/joda/time/field/BaseDateTimeField.java, 0.05069124423963134
../joda-time/src/main/java/org/joda/time/DateTimeField.java, ../joda-time/src/main/java/org/joda/time/field/ImpreciseDateTimeField.java, 0.07476635514018691
../joda-time/src/main/java/org/joda/time/DateTimeField.java, ../joda-time/src/main/java/org/joda/time/ReadableDateTime.java, 0.05
../joda-time/src/main/java/org/joda/time/Instant.java, ../joda-time/src/main/java/org/joda/time/DateTimeComparator.java, 0.05185185185185185
../joda-time/src/main/java/org/joda/time/Instant.java, ../joda-time/src/main/java/org/joda/time/DateTime.java, 0.05555555555555555
../joda-time/src/main/java/org/joda/time/Instant.java, ../joda-time/src/main/java/org/joda/time/base/AbstractInstant.java, 0.0759493670886076
../joda-time/src/main/java/org/joda/time/Instant.java, ../joda-time/src/main/java/org/joda/time/base/BasePartial.java, 0.05737704918032787
../joda-time/src/main/java/org/joda/time/Instant.java, ../joda-time/src/main/java/org/joda/time/base/BaseDateTime.java, 0.088
../joda-time/src/main/java/org/joda/time/Instant.java, ../joda-time/src/main/java/org/joda/time/base/BaseInterval.java, 0.05970149253731343
../joda-time/src/main/java/org/joda/time/Instant.java, ../joda-time/src/main/java/org/joda/time/base/BaseDuration.java, 0.07017543859649122
../joda-time/src/main/java/org/joda/time/chrono/GregorianChronology.java, ../joda-time/src/main/java/org/joda/time/chrono/IslamicChronology.java, 0.1686746987951807
../joda-time/src/main/java/org/joda/time/chrono/GregorianChronology.java, ../joda-time/src/main/java/org/joda/time/chrono/EthiopicChronology.java, 0.35555555555555557
../joda-time/src/main/java/org/joda/time/chrono/GregorianChronology.java, ../joda-time/src/main/java/org/joda/time/chrono/JulianChronology.java, 0.4485294117647059
../joda-time/src/main/java/org/joda/time/chrono/GregorianChronology.java, ../joda-time/src/main/java/org/joda/time/chrono/CopticChronology.java, 0.39097744360902253
../joda-time/src/main/java/org/joda/time/chrono/GregorianChronology.java, ../joda-time/src/main/java/org/joda/time/chrono/ISOChronology.java, 0.12666666666666668
../joda-time/src/main/java/org/joda/time/chrono/GregorianChronology.java, ../joda-time/src/main/java/org/joda/time/chrono/BasicGJChronology.java, 0.05325443786982249
../joda-time/src/main/java/org/joda/time/chrono/GregorianChronology.java, ../joda-time/src/main/java/org/joda/time/chrono/BuddhistChronology.java, 0.12658227848101267
../joda-time/src/main/java/org/joda/time/chrono/BasicWeekyearDateTimeField.java, ../joda-time/src/main/java/org/joda/time/chrono/BasicMonthOfYearDateTimeField.java, 0.15
../joda-time/src/main/java/org/joda/time/chrono/BasicWeekyearDateTimeField.java, ../joda-time/src/main/java/org/joda/time/field/OffsetDateTimeField.java, 0.10218978102189781
../joda-time/src/main/java/org/joda/time/chrono/BasicWeekyearDateTimeField.java, ../joda-time/src/main/java/org/joda/time/field/ZeroIsMaxDateTimeField.java, 0.10948905109489052
../joda-time/src/main/java/org/joda/time/chrono/BasicWeekyearDateTimeField.java, ../joda-time/src/main/java/org/joda/time/field/DividedDateTimeField.java, 0.07792207792207792
../joda-time/src/main/java/org/joda/time/chrono/BasicWeekyearDateTimeField.java, ../joda-time/src/main/java/org/joda/time/field/RemainderDateTimeField.java, 0.07432432432432433
../joda-time/src/main/java/org/joda/time/chrono/BasicWeekyearDateTimeField.java, ../joda-time/src/main/java/org/joda/time/field/AbstractPartialFieldProperty.java, 0.05161290322580645
../joda-time/src/main/java/org/joda/time/chrono/BasicWeekyearDateTimeField.java, ../joda-time/src/main/java/org/joda/time/field/UnsupportedDateTimeField.java, 0.11585365853658537
../joda-time/src/main/java/org/joda/time/chrono/BasicWeekyearDateTimeField.java, ../joda-time/src/main/java/org/joda/time/field/BaseDateTimeField.java, 0.05761316872427984
../joda-time/src/main/java/org/joda/time/chrono/BasicWeekyearDateTimeField.java, ../joda-time/src/main/java/org/joda/time/field/ImpreciseDateTimeField.java, 0.08270676691729323
../joda-time/src/main/java/org/joda/time/chrono/BasicWeekyearDateTimeField.java, ../joda-time/src/main/java/org/joda/time/field/DelegatedDateTimeField.java, 0.08163265306122448
../joda-time/src/main/java/org/joda/time/chrono/BasicChronology.java, ../joda-time/src/main/java/org/joda/time/chrono/IslamicChronology.java, 0.05436893203883495
../joda-time/src/main/java/org/joda/time/chrono/BasicChronology.java, ../joda-time/src/main/java/org/joda/time/chrono/GJChronology.java, 0.05698005698005698
../joda-time/src/main/java/org/joda/time/chrono/BasicChronology.java, ../joda-time/src/main/java/org/joda/time/chrono/BuddhistChronology.java, 0.07769423558897243
../joda-time/src/main/java/org/joda/time/chrono/IslamicChronology.java, ../joda-time/src/main/java/org/joda/time/chrono/LimitChronology.java, 0.05215419501133787
../joda-time/src/main/java/org/joda/time/chrono/IslamicChronology.java, ../joda-time/src/main/java/org/joda/time/chrono/EthiopicChronology.java, 0.16666666666666666
../joda-time/src/main/java/org/joda/time/chrono/IslamicChronology.java, ../joda-time/src/main/java/org/joda/time/chrono/JulianChronology.java, 0.16226415094339622
../joda-time/src/main/java/org/joda/time/chrono/IslamicChronology.java, ../joda-time/src/main/java/org/joda/time/chrono/CopticChronology.java, 0.16535433070866143
../joda-time/src/main/java/org/joda/time/chrono/IslamicChronology.java, ../joda-time/src/main/java/org/joda/time/chrono/ISOChronology.java, 0.09803921568627451
../joda-time/src/main/java/org/joda/time/chrono/IslamicChronology.java, ../joda-time/src/main/java/org/joda/time/chrono/BasicGJChronology.java, 0.11153846153846154
../joda-time/src/main/java/org/joda/time/chrono/IslamicChronology.java, ../joda-time/src/main/java/org/joda/time/chrono/BuddhistChronology.java, 0.11583011583011583
../joda-time/src/main/java/org/joda/time/chrono/LimitChronology.java, ../joda-time/src/main/java/org/joda/time/chrono/EthiopicChronology.java, 0.05325443786982249
../joda-time/src/main/java/org/joda/time/chrono/LimitChronology.java, ../joda-time/src/main/java/org/joda/time/chrono/ZonedChronology.java, 0.2699530516431925
../joda-time/src/main/java/org/joda/time/chrono/LimitChronology.java, ../joda-time/src/main/java/org/joda/time/chrono/JulianChronology.java, 0.05113636363636364
../joda-time/src/main/java/org/joda/time/chrono/LimitChronology.java, ../joda-time/src/main/java/org/joda/time/chrono/CopticChronology.java, 0.052941176470588235
../joda-time/src/main/java/org/joda/time/chrono/LimitChronology.java, ../joda-time/src/main/java/org/joda/time/chrono/ISOChronology.java, 0.06542056074766354
../joda-time/src/main/java/org/joda/time/chrono/LimitChronology.java, ../joda-time/src/main/java/org/joda/time/chrono/GJChronology.java, 0.09586776859504133
../joda-time/src/main/java/org/joda/time/chrono/LimitChronology.java, ../joda-time/src/main/java/org/joda/time/chrono/BuddhistChronology.java, 0.06363636363636363
../joda-time/src/main/java/org/joda/time/chrono/LimitChronology.java, ../joda-time/src/main/java/org/joda/time/field/OffsetDateTimeField.java, 0.0718954248366013
../joda-time/src/main/java/org/joda/time/chrono/LimitChronology.java, ../joda-time/src/main/java/org/joda/time/field/ZeroIsMaxDateTimeField.java, 0.07516339869281045
../joda-time/src/main/java/org/joda/time/chrono/LimitChronology.java, ../joda-time/src/main/java/org/joda/time/field/DividedDateTimeField.java, 0.05214723926380368
../joda-time/src/main/java/org/joda/time/chrono/LimitChronology.java, ../joda-time/src/main/java/org/joda/time/field/RemainderDateTimeField.java, 0.05329153605015674
../joda-time/src/main/java/org/joda/time/chrono/LimitChronology.java, ../joda-time/src/main/java/org/joda/time/field/UnsupportedDurationField.java, 0.05844155844155844
../joda-time/src/main/java/org/joda/time/chrono/LimitChronology.java, ../joda-time/src/main/java/org/joda/time/field/UnsupportedDateTimeField.java, 0.0975609756097561
../joda-time/src/main/java/org/joda/time/chrono/LimitChronology.java, ../joda-time/src/main/java/org/joda/time/field/BaseDateTimeField.java, 0.06372549019607843
../joda-time/src/main/java/org/joda/time/chrono/LimitChronology.java, ../joda-time/src/main/java/org/joda/time/field/DelegatedDateTimeField.java, 0.07458563535911603
../joda-time/src/main/java/org/joda/time/chrono/EthiopicChronology.java, ../joda-time/src/main/java/org/joda/time/chrono/JulianChronology.java, 0.3986013986013986
../joda-time/src/main/java/org/joda/time/chrono/EthiopicChronology.java, ../joda-time/src/main/java/org/joda/time/chrono/CopticChronology.java, 0.6206896551724138
../joda-time/src/main/java/org/joda/time/chrono/EthiopicChronology.java, ../joda-time/src/main/java/org/joda/time/chrono/ISOChronology.java, 0.12418300653594772
../joda-time/src/main/java/org/joda/time/chrono/EthiopicChronology.java, ../joda-time/src/main/java/org/joda/time/chrono/BasicGJChronology.java, 0.06470588235294118
../joda-time/src/main/java/org/joda/time/chrono/EthiopicChronology.java, ../joda-time/src/main/java/org/joda/time/chrono/BuddhistChronology.java, 0.15286624203821655
../joda-time/src/main/java/org/joda/time/chrono/BasicMonthOfYearDateTimeField.java, ../joda-time/src/main/java/org/joda/time/chrono/GJChronology.java, 0.05426356589147287
../joda-time/src/main/java/org/joda/time/chrono/BasicMonthOfYearDateTimeField.java, ../joda-time/src/main/java/org/joda/time/field/OffsetDateTimeField.java, 0.08290155440414508
../joda-time/src/main/java/org/joda/time/chrono/BasicMonthOfYearDateTimeField.java, ../joda-time/src/main/java/org/joda/time/field/AbstractReadableInstantFieldProperty.java, 0.05084745762711865
../joda-time/src/main/java/org/joda/time/chrono/BasicMonthOfYearDateTimeField.java, ../joda-time/src/main/java/org/joda/time/field/ZeroIsMaxDateTimeField.java, 0.07692307692307693
../joda-time/src/main/java/org/joda/time/chrono/BasicMonthOfYearDateTimeField.java, ../joda-time/src/main/java/org/joda/time/field/DividedDateTimeField.java, 0.07177033492822966
../joda-time/src/main/java/org/joda/time/chrono/BasicMonthOfYearDateTimeField.java, ../joda-time/src/main/java/org/joda/time/field/RemainderDateTimeField.java, 0.05853658536585366
../joda-time/src/main/java/org/joda/time/chrono/BasicMonthOfYearDateTimeField.java, ../joda-time/src/main/java/org/joda/time/field/UnsupportedDateTimeField.java, 0.08558558558558559
../joda-time/src/main/java/org/joda/time/chrono/BasicMonthOfYearDateTimeField.java, ../joda-time/src/main/java/org/joda/time/field/BaseDateTimeField.java, 0.05
../joda-time/src/main/java/org/joda/time/chrono/BasicMonthOfYearDateTimeField.java, ../joda-time/src/main/java/org/joda/time/field/ImpreciseDateTimeField.java, 0.052083333333333336
../joda-time/src/main/java/org/joda/time/chrono/BasicMonthOfYearDateTimeField.java, ../joda-time/src/main/java/org/joda/time/field/DelegatedDateTimeField.java, 0.06299212598425197
../joda-time/src/main/java/org/joda/time/chrono/ZonedChronology.java, ../joda-time/src/main/java/org/joda/time/chrono/ISOChronology.java, 0.05934718100890208
../joda-time/src/main/java/org/joda/time/chrono/ZonedChronology.java, ../joda-time/src/main/java/org/joda/time/chrono/GJChronology.java, 0.10603588907014681
../joda-time/src/main/java/org/joda/time/chrono/ZonedChronology.java, ../joda-time/src/main/java/org/joda/time/chrono/BuddhistChronology.java, 0.057803468208092484
../joda-time/src/main/java/org/joda/time/chrono/ZonedChronology.java, ../joda-time/src/main/java/org/joda/time/field/ZeroIsMaxDateTimeField.java, 0.08176100628930817
../joda-time/src/main/java/org/joda/time/chrono/ZonedChronology.java, ../joda-time/src/main/java/org/joda/time/field/DividedDateTimeField.java, 0.05604719764011799
../joda-time/src/main/java/org/joda/time/chrono/ZonedChronology.java, ../joda-time/src/main/java/org/joda/time/field/RemainderDateTimeField.java, 0.05089820359281437
../joda-time/src/main/java/org/joda/time/chrono/ZonedChronology.java, ../joda-time/src/main/java/org/joda/time/field/UnsupportedDurationField.java, 0.06896551724137931
../joda-time/src/main/java/org/joda/time/chrono/ZonedChronology.java, ../joda-time/src/main/java/org/joda/time/field/UnsupportedDateTimeField.java, 0.12612612612612611
../joda-time/src/main/java/org/joda/time/chrono/ZonedChronology.java, ../joda-time/src/main/java/org/joda/time/field/BaseDateTimeField.java, 0.07932692307692307
../joda-time/src/main/java/org/joda/time/chrono/ZonedChronology.java, ../joda-time/src/main/java/org/joda/time/field/ImpreciseDateTimeField.java, 0.05329153605015674
../joda-time/src/main/java/org/joda/time/chrono/ZonedChronology.java, ../joda-time/src/main/java/org/joda/time/field/DelegatedDateTimeField.java, 0.1348314606741573
../joda-time/src/main/java/org/joda/time/chrono/JulianChronology.java, ../joda-time/src/main/java/org/joda/time/chrono/CopticChronology.java, 0.4326241134751773
../joda-time/src/main/java/org/joda/time/chrono/JulianChronology.java, ../joda-time/src/main/java/org/joda/time/chrono/ISOChronology.java, 0.12727272727272726
../joda-time/src/main/java/org/joda/time/chrono/JulianChronology.java, ../joda-time/src/main/java/org/joda/time/chrono/BuddhistChronology.java, 0.1206896551724138
../joda-time/src/main/java/org/joda/time/chrono/CopticChronology.java, ../joda-time/src/main/java/org/joda/time/chrono/ISOChronology.java, 0.12258064516129032
../joda-time/src/main/java/org/joda/time/chrono/CopticChronology.java, ../joda-time/src/main/java/org/joda/time/chrono/BasicGJChronology.java, 0.06395348837209303
../joda-time/src/main/java/org/joda/time/chrono/CopticChronology.java, ../joda-time/src/main/java/org/joda/time/chrono/BuddhistChronology.java, 0.1509433962264151
../joda-time/src/main/java/org/joda/time/chrono/ISOChronology.java, ../joda-time/src/main/java/org/joda/time/chrono/GJChronology.java, 0.05739514348785872
../joda-time/src/main/java/org/joda/time/chrono/ISOChronology.java, ../joda-time/src/main/java/org/joda/time/chrono/BuddhistChronology.java, 0.2846153846153846
../joda-time/src/main/java/org/joda/time/chrono/ISOChronology.java, ../joda-time/src/main/java/org/joda/time/field/AbstractReadableInstantFieldProperty.java, 0.05172413793103448
../joda-time/src/main/java/org/joda/time/chrono/ISOChronology.java, ../joda-time/src/main/java/org/joda/time/field/UnsupportedDurationField.java, 0.07575757575757576
../joda-time/src/main/java/org/joda/time/chrono/ISOChronology.java, ../joda-time/src/main/java/org/joda/time/DurationFieldType.java, 0.06111111111111111
../joda-time/src/main/java/org/joda/time/chrono/ISOChronology.java, ../joda-time/src/main/java/org/joda/time/tz/CachedDateTimeZone.java, 0.05847953216374269
../joda-time/src/main/java/org/joda/time/chrono/ISOChronology.java, ../joda-time/src/main/java/org/joda/time/base/AbstractInstant.java, 0.05202312138728324
../joda-time/src/main/java/org/joda/time/chrono/GJChronology.java, ../joda-time/src/main/java/org/joda/time/chrono/BuddhistChronology.java, 0.05627705627705628
../joda-time/src/main/java/org/joda/time/chrono/GJChronology.java, ../joda-time/src/main/java/org/joda/time/field/UnsupportedDateTimeField.java, 0.08278867102396514
../joda-time/src/main/java/org/joda/time/chrono/GJChronology.java, ../joda-time/src/main/java/org/joda/time/field/BaseDateTimeField.java, 0.06133828996282528
../joda-time/src/main/java/org/joda/time/chrono/GJChronology.java, ../joda-time/src/main/java/org/joda/time/field/DelegatedDateTimeField.java, 0.07566462167689161
../joda-time/src/main/java/org/joda/time/chrono/BuddhistChronology.java, ../joda-time/src/main/java/org/joda/time/field/AbstractPartialFieldProperty.java, 0.050955414012738856
../joda-time/src/main/java/org/joda/time/chrono/BuddhistChronology.java, ../joda-time/src/main/java/org/joda/time/field/UnsupportedDurationField.java, 0.07092198581560284
../joda-time/src/main/java/org/joda/time/chrono/BuddhistChronology.java, ../joda-time/src/main/java/org/joda/time/DurationFieldType.java, 0.05263157894736842
../joda-time/src/main/java/org/joda/time/chrono/BuddhistChronology.java, ../joda-time/src/main/java/org/joda/time/base/AbstractInstant.java, 0.06111111111111111
../joda-time/src/main/java/org/joda/time/chrono/BuddhistChronology.java, ../joda-time/src/main/java/org/joda/time/base/AbstractPartial.java, 0.05952380952380952
../joda-time/src/main/java/org/joda/time/chrono/BuddhistChronology.java, ../joda-time/src/main/java/org/joda/time/base/AbstractPeriod.java, 0.05
../joda-time/src/main/java/org/joda/time/Interval.java, ../joda-time/src/main/java/org/joda/time/base/AbstractInterval.java, 0.055299539170506916
../joda-time/src/main/java/org/joda/time/Interval.java, ../joda-time/src/main/java/org/joda/time/convert/StringConverter.java, 0.11557788944723618
../joda-time/src/main/java/org/joda/time/ReadWritablePeriod.java, ../joda-time/src/main/java/org/joda/time/ReadWritableDateTime.java, 0.21153846153846154
../joda-time/src/main/java/org/joda/time/ReadWritablePeriod.java, ../joda-time/src/main/java/org/joda/time/ReadableDateTime.java, 0.05454545454545454
../joda-time/src/main/java/org/joda/time/DateTimeComparator.java, ../joda-time/src/main/java/org/joda/time/field/AbstractReadableInstantFieldProperty.java, 0.0718562874251497
../joda-time/src/main/java/org/joda/time/DateTimeComparator.java, ../joda-time/src/main/java/org/joda/time/field/AbstractPartialFieldProperty.java, 0.07801418439716312
../joda-time/src/main/java/org/joda/time/DateTimeComparator.java, ../joda-time/src/main/java/org/joda/time/field/UnsupportedDurationField.java, 0.06976744186046512
../joda-time/src/main/java/org/joda/time/DateTimeComparator.java, ../joda-time/src/main/java/org/joda/time/DurationFieldType.java, 0.05056179775280899
../joda-time/src/main/java/org/joda/time/DateTimeComparator.java, ../joda-time/src/main/java/org/joda/time/base/AbstractInstant.java, 0.05952380952380952
../joda-time/src/main/java/org/joda/time/DateTimeComparator.java, ../joda-time/src/main/java/org/joda/time/base/AbstractPartial.java, 0.050955414012738856
../joda-time/src/main/java/org/joda/time/DateTimeComparator.java, ../joda-time/src/main/java/org/joda/time/base/AbstractDuration.java, 0.08196721311475409
../joda-time/src/main/java/org/joda/time/DateTimeComparator.java, ../joda-time/src/main/java/org/joda/time/base/AbstractPeriod.java, 0.05511811023622047
../joda-time/src/main/java/org/joda/time/DateTimeComparator.java, ../joda-time/src/main/java/org/joda/time/base/BaseSingleFieldPeriod.java, 0.05421686746987952
../joda-time/src/main/java/org/joda/time/LocalDateTime.java, ../joda-time/src/main/java/org/joda/time/LocalTime.java, 0.32867132867132864
../joda-time/src/main/java/org/joda/time/LocalDateTime.java, ../joda-time/src/main/java/org/joda/time/YearMonth.java, 0.0954861111111111
../joda-time/src/main/java/org/joda/time/LocalDateTime.java, ../joda-time/src/main/java/org/joda/time/MonthDay.java, 0.09342560553633218
../joda-time/src/main/java/org/joda/time/LocalDateTime.java, ../joda-time/src/main/java/org/joda/time/TimeOfDay.java, 0.08019639934533551
../joda-time/src/main/java/org/joda/time/LocalDateTime.java, ../joda-time/src/main/java/org/joda/time/YearMonthDay.java, 0.0802675585284281
../joda-time/src/main/java/org/joda/time/LocalDateTime.java, ../joda-time/src/main/java/org/joda/time/DateTime.java, 0.16143497757847533
../joda-time/src/main/java/org/joda/time/LocalDateTime.java, ../joda-time/src/main/java/org/joda/time/LocalDate.java, 0.38087520259319285
../joda-time/src/main/java/org/joda/time/LocalDateTime.java, ../joda-time/src/main/java/org/joda/time/base/BasePartial.java, 0.05186721991701245
../joda-time/src/main/java/org/joda/time/LocalDateTime.java, ../joda-time/src/main/java/org/joda/time/base/AbstractDateTime.java, 0.07231404958677685
../joda-time/src/main/java/org/joda/time/LocalDateTime.java, ../joda-time/src/main/java/org/joda/time/MutableDateTime.java, 0.11532846715328467
../joda-time/src/main/java/org/joda/time/DateTimeFieldType.java, ../joda-time/src/main/java/org/joda/time/DurationFieldType.java, 0.10204081632653061
../joda-time/src/main/java/org/joda/time/Months.java, ../joda-time/src/main/java/org/joda/time/Weeks.java, 0.24022346368715083
../joda-time/src/main/java/org/joda/time/Months.java, ../joda-time/src/main/java/org/joda/time/Hours.java, 0.27419354838709675
../joda-time/src/main/java/org/joda/time/Months.java, ../joda-time/src/main/java/org/joda/time/Days.java, 0.2786885245901639
../joda-time/src/main/java/org/joda/time/Months.java, ../joda-time/src/main/java/org/joda/time/Years.java, 0.25903614457831325
../joda-time/src/main/java/org/joda/time/Months.java, ../joda-time/src/main/java/org/joda/time/Seconds.java, 0.2265193370165746
../joda-time/src/main/java/org/joda/time/LocalTime.java, ../joda-time/src/main/java/org/joda/time/YearMonth.java, 0.1010989010989011
../joda-time/src/main/java/org/joda/time/LocalTime.java, ../joda-time/src/main/java/org/joda/time/MonthDay.java, 0.10087719298245613
../joda-time/src/main/java/org/joda/time/LocalTime.java, ../joda-time/src/main/java/org/joda/time/TimeOfDay.java, 0.13733905579399142
../joda-time/src/main/java/org/joda/time/LocalTime.java, ../joda-time/src/main/java/org/joda/time/YearMonthDay.java, 0.07276507276507277
../joda-time/src/main/java/org/joda/time/LocalTime.java, ../joda-time/src/main/java/org/joda/time/DateTime.java, 0.12131715771230503
../joda-time/src/main/java/org/joda/time/LocalTime.java, ../joda-time/src/main/java/org/joda/time/LocalDate.java, 0.2534722222222222
../joda-time/src/main/java/org/joda/time/LocalTime.java, ../joda-time/src/main/java/org/joda/time/base/BasePartial.java, 0.07102272727272728
../joda-time/src/main/java/org/joda/time/LocalTime.java, ../joda-time/src/main/java/org/joda/time/base/BaseDateTime.java, 0.052054794520547946
../joda-time/src/main/java/org/joda/time/LocalTime.java, ../joda-time/src/main/java/org/joda/time/base/AbstractDateTime.java, 0.05994550408719346
../joda-time/src/main/java/org/joda/time/LocalTime.java, ../joda-time/src/main/java/org/joda/time/MutableDateTime.java, 0.09122203098106713
../joda-time/src/main/java/org/joda/time/Weeks.java, ../joda-time/src/main/java/org/joda/time/Hours.java, 0.25280898876404495
../joda-time/src/main/java/org/joda/time/Weeks.java, ../joda-time/src/main/java/org/joda/time/Days.java, 0.27167630057803466
../joda-time/src/main/java/org/joda/time/Weeks.java, ../joda-time/src/main/java/org/joda/time/Years.java, 0.28289473684210525
../joda-time/src/main/java/org/joda/time/Weeks.java, ../joda-time/src/main/java/org/joda/time/Seconds.java, 0.27607361963190186
../joda-time/src/main/java/org/joda/time/Hours.java, ../joda-time/src/main/java/org/joda/time/Days.java, 0.29120879120879123
../joda-time/src/main/java/org/joda/time/Hours.java, ../joda-time/src/main/java/org/joda/time/Years.java, 0.24260355029585798
../joda-time/src/main/java/org/joda/time/Hours.java, ../joda-time/src/main/java/org/joda/time/Seconds.java, 0.26704545454545453
../joda-time/src/main/java/org/joda/time/field/OffsetDateTimeField.java, ../joda-time/src/main/java/org/joda/time/field/AbstractReadableInstantFieldProperty.java, 0.06289308176100629
../joda-time/src/main/java/org/joda/time/field/OffsetDateTimeField.java, ../joda-time/src/main/java/org/joda/time/field/ZeroIsMaxDateTimeField.java, 0.297029702970297
../joda-time/src/main/java/org/joda/time/field/OffsetDateTimeField.java, ../joda-time/src/main/java/org/joda/time/field/DividedDateTimeField.java, 0.19834710743801653
../joda-time/src/main/java/org/joda/time/field/OffsetDateTimeField.java, ../joda-time/src/main/java/org/joda/time/field/RemainderDateTimeField.java, 0.23214285714285715
../joda-time/src/main/java/org/joda/time/field/OffsetDateTimeField.java, ../joda-time/src/main/java/org/joda/time/field/AbstractPartialFieldProperty.java, 0.06766917293233082
../joda-time/src/main/java/org/joda/time/field/OffsetDateTimeField.java, ../joda-time/src/main/java/org/joda/time/field/UnsupportedDateTimeField.java, 0.14084507042253522
../joda-time/src/main/java/org/joda/time/field/OffsetDateTimeField.java, ../joda-time/src/main/java/org/joda/time/field/BaseDateTimeField.java, 0.07272727272727272
../joda-time/src/main/java/org/joda/time/field/OffsetDateTimeField.java, ../joda-time/src/main/java/org/joda/time/field/ImpreciseDateTimeField.java, 0.05128205128205128
../joda-time/src/main/java/org/joda/time/field/OffsetDateTimeField.java, ../joda-time/src/main/java/org/joda/time/field/DelegatedDateTimeField.java, 0.11046511627906977
../joda-time/src/main/java/org/joda/time/field/AbstractReadableInstantFieldProperty.java, ../joda-time/src/main/java/org/joda/time/field/ZeroIsMaxDateTimeField.java, 0.06918238993710692
../joda-time/src/main/java/org/joda/time/field/AbstractReadableInstantFieldProperty.java, ../joda-time/src/main/java/org/joda/time/field/DividedDateTimeField.java, 0.06358381502890173
../joda-time/src/main/java/org/joda/time/field/AbstractReadableInstantFieldProperty.java, ../joda-time/src/main/java/org/joda/time/field/RemainderDateTimeField.java, 0.07272727272727272
../joda-time/src/main/java/org/joda/time/field/AbstractReadableInstantFieldProperty.java, ../joda-time/src/main/java/org/joda/time/field/AbstractPartialFieldProperty.java, 0.49586776859504134
../joda-time/src/main/java/org/joda/time/field/AbstractReadableInstantFieldProperty.java, ../joda-time/src/main/java/org/joda/time/field/UnsupportedDurationField.java, 0.07741935483870968
../joda-time/src/main/java/org/joda/time/field/AbstractReadableInstantFieldProperty.java, ../joda-time/src/main/java/org/joda/time/field/UnsupportedDateTimeField.java, 0.11049723756906077
../joda-time/src/main/java/org/joda/time/field/AbstractReadableInstantFieldProperty.java, ../joda-time/src/main/java/org/joda/time/field/BaseDateTimeField.java, 0.07003891050583658
../joda-time/src/main/java/org/joda/time/field/AbstractReadableInstantFieldProperty.java, ../joda-time/src/main/java/org/joda/time/field/DelegatedDateTimeField.java, 0.09004739336492891
../joda-time/src/main/java/org/joda/time/field/AbstractReadableInstantFieldProperty.java, ../joda-time/src/main/java/org/joda/time/format/DateTimeParserBucket.java, 0.05
../joda-time/src/main/java/org/joda/time/field/AbstractReadableInstantFieldProperty.java, ../joda-time/src/main/java/org/joda/time/base/AbstractInstant.java, 0.08947368421052632
../joda-time/src/main/java/org/joda/time/field/AbstractReadableInstantFieldProperty.java, ../joda-time/src/main/java/org/joda/time/base/AbstractPartial.java, 0.0898876404494382
../joda-time/src/main/java/org/joda/time/field/AbstractReadableInstantFieldProperty.java, ../joda-time/src/main/java/org/joda/time/base/BasePartial.java, 0.05732484076433121
../joda-time/src/main/java/org/joda/time/field/AbstractReadableInstantFieldProperty.java, ../joda-time/src/main/java/org/joda/time/base/AbstractInterval.java, 0.075
../joda-time/src/main/java/org/joda/time/field/AbstractReadableInstantFieldProperty.java, ../joda-time/src/main/java/org/joda/time/base/AbstractDuration.java, 0.08053691275167785
../joda-time/src/main/java/org/joda/time/field/AbstractReadableInstantFieldProperty.java, ../joda-time/src/main/java/org/joda/time/base/AbstractPeriod.java, 0.05161290322580645
../joda-time/src/main/java/org/joda/time/field/AbstractReadableInstantFieldProperty.java, ../joda-time/src/main/java/org/joda/time/base/BaseDuration.java, 0.06
../joda-time/src/main/java/org/joda/time/field/AbstractReadableInstantFieldProperty.java, ../joda-time/src/main/java/org/joda/time/base/BaseSingleFieldPeriod.java, 0.0851063829787234
../joda-time/src/main/java/org/joda/time/field/ZeroIsMaxDateTimeField.java, ../joda-time/src/main/java/org/joda/time/field/DividedDateTimeField.java, 0.13178294573643412
../joda-time/src/main/java/org/joda/time/field/ZeroIsMaxDateTimeField.java, ../joda-time/src/main/java/org/joda/time/field/RemainderDateTimeField.java, 0.21929824561403508
../joda-time/src/main/java/org/joda/time/field/ZeroIsMaxDateTimeField.java, ../joda-time/src/main/java/org/joda/time/field/AbstractPartialFieldProperty.java, 0.07518796992481203
../joda-time/src/main/java/org/joda/time/field/ZeroIsMaxDateTimeField.java, ../joda-time/src/main/java/org/joda/time/field/UnsupportedDurationField.java, 0.06611570247933884
../joda-time/src/main/java/org/joda/time/field/ZeroIsMaxDateTimeField.java, ../joda-time/src/main/java/org/joda/time/field/UnsupportedDateTimeField.java, 0.24427480916030533
../joda-time/src/main/java/org/joda/time/field/ZeroIsMaxDateTimeField.java, ../joda-time/src/main/java/org/joda/time/field/BaseDateTimeField.java, 0.13942307692307693
../joda-time/src/main/java/org/joda/time/field/ZeroIsMaxDateTimeField.java, ../joda-time/src/main/java/org/joda/time/field/ImpreciseDateTimeField.java, 0.08771929824561403
../joda-time/src/main/java/org/joda/time/field/ZeroIsMaxDateTimeField.java, ../joda-time/src/main/java/org/joda/time/field/DelegatedDateTimeField.java, 0.2
../joda-time/src/main/java/org/joda/time/field/DividedDateTimeField.java, ../joda-time/src/main/java/org/joda/time/field/RemainderDateTimeField.java, 0.2857142857142857
../joda-time/src/main/java/org/joda/time/field/DividedDateTimeField.java, ../joda-time/src/main/java/org/joda/time/field/AbstractPartialFieldProperty.java, 0.07534246575342465
../joda-time/src/main/java/org/joda/time/field/DividedDateTimeField.java, ../joda-time/src/main/java/org/joda/time/field/UnsupportedDurationField.java, 0.051470588235294115
../joda-time/src/main/java/org/joda/time/field/DividedDateTimeField.java, ../joda-time/src/main/java/org/joda/time/field/UnsupportedDateTimeField.java, 0.11320754716981132
../joda-time/src/main/java/org/joda/time/field/DividedDateTimeField.java, ../joda-time/src/main/java/org/joda/time/field/ImpreciseDateTimeField.java, 0.06976744186046512
../joda-time/src/main/java/org/joda/time/field/DividedDateTimeField.java, ../joda-time/src/main/java/org/joda/time/field/DelegatedDateTimeField.java, 0.10160427807486631
../joda-time/src/main/java/org/joda/time/field/RemainderDateTimeField.java, ../joda-time/src/main/java/org/joda/time/field/AbstractPartialFieldProperty.java, 0.08695652173913043
../joda-time/src/main/java/org/joda/time/field/RemainderDateTimeField.java, ../joda-time/src/main/java/org/joda/time/field/UnsupportedDateTimeField.java, 0.14093959731543623
../joda-time/src/main/java/org/joda/time/field/RemainderDateTimeField.java, ../joda-time/src/main/java/org/joda/time/field/BaseDateTimeField.java, 0.05627705627705628
../joda-time/src/main/java/org/joda/time/field/RemainderDateTimeField.java, ../joda-time/src/main/java/org/joda/time/field/ImpreciseDateTimeField.java, 0.056451612903225805
../joda-time/src/main/java/org/joda/time/field/RemainderDateTimeField.java, ../joda-time/src/main/java/org/joda/time/field/DelegatedDateTimeField.java, 0.09944751381215469
../joda-time/src/main/java/org/joda/time/field/AbstractPartialFieldProperty.java, ../joda-time/src/main/java/org/joda/time/field/UnsupportedDurationField.java, 0.08527131782945736
../joda-time/src/main/java/org/joda/time/field/AbstractPartialFieldProperty.java, ../joda-time/src/main/java/org/joda/time/field/UnsupportedDateTimeField.java, 0.11538461538461539
../joda-time/src/main/java/org/joda/time/field/AbstractPartialFieldProperty.java, ../joda-time/src/main/java/org/joda/time/field/BaseDateTimeField.java, 0.0735930735930736
../joda-time/src/main/java/org/joda/time/field/AbstractPartialFieldProperty.java, ../joda-time/src/main/java/org/joda/time/field/FieldUtils.java, 0.05421686746987952
../joda-time/src/main/java/org/joda/time/field/AbstractPartialFieldProperty.java, ../joda-time/src/main/java/org/joda/time/field/DelegatedDateTimeField.java, 0.0913978494623656
../joda-time/src/main/java/org/joda/time/field/AbstractPartialFieldProperty.java, ../joda-time/src/main/java/org/joda/time/base/AbstractInstant.java, 0.09090909090909091
../joda-time/src/main/java/org/joda/time/field/AbstractPartialFieldProperty.java, ../joda-time/src/main/java/org/joda/time/base/AbstractPartial.java, 0.0915032679738562
../joda-time/src/main/java/org/joda/time/field/AbstractPartialFieldProperty.java, ../joda-time/src/main/java/org/joda/time/base/AbstractInterval.java, 0.062146892655367235
../joda-time/src/main/java/org/joda/time/field/AbstractPartialFieldProperty.java, ../joda-time/src/main/java/org/joda/time/base/AbstractDuration.java, 0.09836065573770492
../joda-time/src/main/java/org/joda/time/field/AbstractPartialFieldProperty.java, ../joda-time/src/main/java/org/joda/time/base/AbstractPeriod.java, 0.0625
../joda-time/src/main/java/org/joda/time/field/AbstractPartialFieldProperty.java, ../joda-time/src/main/java/org/joda/time/base/BaseSingleFieldPeriod.java, 0.07926829268292683
../joda-time/src/main/java/org/joda/time/field/UnsupportedDurationField.java, ../joda-time/src/main/java/org/joda/time/field/UnsupportedDateTimeField.java, 0.21212121212121213
../joda-time/src/main/java/org/joda/time/field/UnsupportedDurationField.java, ../joda-time/src/main/java/org/joda/time/field/BaseDateTimeField.java, 0.07339449541284404
../joda-time/src/main/java/org/joda/time/field/UnsupportedDurationField.java, ../joda-time/src/main/java/org/joda/time/field/ImpreciseDateTimeField.java, 0.1523809523809524
../joda-time/src/main/java/org/joda/time/field/UnsupportedDurationField.java, ../joda-time/src/main/java/org/joda/time/field/DelegatedDateTimeField.java, 0.08620689655172414
../joda-time/src/main/java/org/joda/time/field/UnsupportedDurationField.java, ../joda-time/src/main/java/org/joda/time/DurationFieldType.java, 0.06707317073170732
../joda-time/src/main/java/org/joda/time/field/UnsupportedDurationField.java, ../joda-time/src/main/java/org/joda/time/tz/CachedDateTimeZone.java, 0.050955414012738856
../joda-time/src/main/java/org/joda/time/field/UnsupportedDurationField.java, ../joda-time/src/main/java/org/joda/time/base/AbstractInstant.java, 0.05732484076433121
../joda-time/src/main/java/org/joda/time/field/UnsupportedDurationField.java, ../joda-time/src/main/java/org/joda/time/base/AbstractDuration.java, 0.07142857142857142
../joda-time/src/main/java/org/joda/time/field/UnsupportedDurationField.java, ../joda-time/src/main/java/org/joda/time/base/AbstractPeriod.java, 0.07017543859649122
../joda-time/src/main/java/org/joda/time/field/UnsupportedDurationField.java, ../joda-time/src/main/java/org/joda/time/base/BaseSingleFieldPeriod.java, 0.05844155844155844
../joda-time/src/main/java/org/joda/time/field/UnsupportedDateTimeField.java, ../joda-time/src/main/java/org/joda/time/field/BaseDateTimeField.java, 0.2350230414746544
../joda-time/src/main/java/org/joda/time/field/UnsupportedDateTimeField.java, ../joda-time/src/main/java/org/joda/time/field/ImpreciseDateTimeField.java, 0.08391608391608392
../joda-time/src/main/java/org/joda/time/field/UnsupportedDateTimeField.java, ../joda-time/src/main/java/org/joda/time/field/DelegatedDateTimeField.java, 0.39375
../joda-time/src/main/java/org/joda/time/field/BaseDateTimeField.java, ../joda-time/src/main/java/org/joda/time/field/ImpreciseDateTimeField.java, 0.06511627906976744
../joda-time/src/main/java/org/joda/time/field/BaseDateTimeField.java, ../joda-time/src/main/java/org/joda/time/field/DelegatedDateTimeField.java, 0.17857142857142858
../joda-time/src/main/java/org/joda/time/field/ImpreciseDateTimeField.java, ../joda-time/src/main/java/org/joda/time/field/DelegatedDateTimeField.java, 0.05142857142857143
../joda-time/src/main/java/org/joda/time/field/FieldUtils.java, ../joda-time/src/main/java/org/joda/time/base/AbstractPartial.java, 0.05027932960893855
../joda-time/src/main/java/org/joda/time/YearMonth.java, ../joda-time/src/main/java/org/joda/time/MonthDay.java, 0.4075471698113208
../joda-time/src/main/java/org/joda/time/YearMonth.java, ../joda-time/src/main/java/org/joda/time/TimeOfDay.java, 0.18991097922848665
../joda-time/src/main/java/org/joda/time/YearMonth.java, ../joda-time/src/main/java/org/joda/time/YearMonthDay.java, 0.32081911262798635
../joda-time/src/main/java/org/joda/time/YearMonth.java, ../joda-time/src/main/java/org/joda/time/DateTime.java, 0.06147540983606557
../joda-time/src/main/java/org/joda/time/YearMonth.java, ../joda-time/src/main/java/org/joda/time/LocalDate.java, 0.1167608286252354
../joda-time/src/main/java/org/joda/time/YearMonth.java, ../joda-time/src/main/java/org/joda/time/base/BasePartial.java, 0.05982905982905983
../joda-time/src/main/java/org/joda/time/YearMonth.java, ../joda-time/src/main/java/org/joda/time/base/AbstractDateTime.java, 0.06995884773662552
../joda-time/src/main/java/org/joda/time/MonthDay.java, ../joda-time/src/main/java/org/joda/time/TimeOfDay.java, 0.18584070796460178
../joda-time/src/main/java/org/joda/time/MonthDay.java, ../joda-time/src/main/java/org/joda/time/YearMonthDay.java, 0.28052805280528054
../joda-time/src/main/java/org/joda/time/MonthDay.java, ../joda-time/src/main/java/org/joda/time/DateTime.java, 0.05918367346938776
../joda-time/src/main/java/org/joda/time/MonthDay.java, ../joda-time/src/main/java/org/joda/time/LocalDate.java, 0.10408921933085502
../joda-time/src/main/java/org/joda/time/MonthDay.java, ../joda-time/src/main/java/org/joda/time/base/BasePartial.java, 0.059574468085106386
../joda-time/src/main/java/org/joda/time/MonthDay.java, ../joda-time/src/main/java/org/joda/time/base/AbstractDateTime.java, 0.06967213114754098
../joda-time/src/main/java/org/joda/time/TimeOfDay.java, ../joda-time/src/main/java/org/joda/time/YearMonthDay.java, 0.20930232558139536
../joda-time/src/main/java/org/joda/time/TimeOfDay.java, ../joda-time/src/main/java/org/joda/time/DateTime.java, 0.05394990366088632
../joda-time/src/main/java/org/joda/time/TimeOfDay.java, ../joda-time/src/main/java/org/joda/time/LocalDate.java, 0.06506849315068493
../joda-time/src/main/java/org/joda/time/YearMonthDay.java, ../joda-time/src/main/java/org/joda/time/DateTime.java, 0.057539682539682536
../joda-time/src/main/java/org/joda/time/YearMonthDay.java, ../joda-time/src/main/java/org/joda/time/LocalDate.java, 0.13432835820895522
../joda-time/src/main/java/org/joda/time/Days.java, ../joda-time/src/main/java/org/joda/time/Years.java, 0.2621951219512195
../joda-time/src/main/java/org/joda/time/Days.java, ../joda-time/src/main/java/org/joda/time/Seconds.java, 0.2571428571428571
../joda-time/src/main/java/org/joda/time/format/DateTimeParserBucket.java, ../joda-time/src/main/java/org/joda/time/format/DateTimeFormatter.java, 0.08010335917312661
../joda-time/src/main/java/org/joda/time/format/DateTimeParserBucket.java, ../joda-time/src/main/java/org/joda/time/format/PeriodFormatter.java, 0.050359712230215826
../joda-time/src/main/java/org/joda/time/format/DateTimeParserBucket.java, ../joda-time/src/main/java/org/joda/time/base/AbstractInstant.java, 0.05016722408026756
../joda-time/src/main/java/org/joda/time/format/PeriodFormatterBuilder.java, ../joda-time/src/main/java/org/joda/time/format/DateTimeFormatterBuilder.java, 0.0524951393389501
../joda-time/src/main/java/org/joda/time/format/ISOPeriodFormat.java, ../joda-time/src/main/java/org/joda/time/format/PeriodFormat.java, 0.056179775280898875
../joda-time/src/main/java/org/joda/time/format/DateTimeFormatter.java, ../joda-time/src/main/java/org/joda/time/format/PeriodFormatter.java, 0.11627906976744186
../joda-time/src/main/java/org/joda/time/format/PeriodFormatter.java, ../joda-time/src/main/java/org/joda/time/base/BaseSingleFieldPeriod.java, 0.05232558139534884
../joda-time/src/main/java/org/joda/time/ReadWritableDateTime.java, ../joda-time/src/main/java/org/joda/time/ReadableDateTime.java, 0.05357142857142857
../joda-time/src/main/java/org/joda/time/DateTime.java, ../joda-time/src/main/java/org/joda/time/LocalDate.java, 0.1248097412480974
../joda-time/src/main/java/org/joda/time/DateTime.java, ../joda-time/src/main/java/org/joda/time/MutableDateTime.java, 0.2033271719038817
../joda-time/src/main/java/org/joda/time/Years.java, ../joda-time/src/main/java/org/joda/time/Seconds.java, 0.2662337662337662
../joda-time/src/main/java/org/joda/time/LocalDate.java, ../joda-time/src/main/java/org/joda/time/base/BasePartial.java, 0.05630630630630631
../joda-time/src/main/java/org/joda/time/LocalDate.java, ../joda-time/src/main/java/org/joda/time/base/AbstractDateTime.java, 0.06415929203539823
../joda-time/src/main/java/org/joda/time/LocalDate.java, ../joda-time/src/main/java/org/joda/time/MutableDateTime.java, 0.09833585476550681
../joda-time/src/main/java/org/joda/time/base/AbstractInstant.java, ../joda-time/src/main/java/org/joda/time/base/AbstractPartial.java, 0.1488095238095238
../joda-time/src/main/java/org/joda/time/base/AbstractInstant.java, ../joda-time/src/main/java/org/joda/time/base/BasePartial.java, 0.057692307692307696
../joda-time/src/main/java/org/joda/time/base/AbstractInstant.java, ../joda-time/src/main/java/org/joda/time/base/AbstractInterval.java, 0.11458333333333333
../joda-time/src/main/java/org/joda/time/base/AbstractInstant.java, ../joda-time/src/main/java/org/joda/time/base/AbstractDuration.java, 0.11888111888111888
../joda-time/src/main/java/org/joda/time/base/AbstractInstant.java, ../joda-time/src/main/java/org/joda/time/base/BaseInterval.java, 0.05952380952380952
../joda-time/src/main/java/org/joda/time/base/AbstractInstant.java, ../joda-time/src/main/java/org/joda/time/base/AbstractDateTime.java, 0.08588957055214724
../joda-time/src/main/java/org/joda/time/base/AbstractInstant.java, ../joda-time/src/main/java/org/joda/time/base/AbstractPeriod.java, 0.0945945945945946
../joda-time/src/main/java/org/joda/time/base/AbstractInstant.java, ../joda-time/src/main/java/org/joda/time/base/BaseDuration.java, 0.06040268456375839
../joda-time/src/main/java/org/joda/time/base/AbstractInstant.java, ../joda-time/src/main/java/org/joda/time/base/BaseSingleFieldPeriod.java, 0.0797872340425532
../joda-time/src/main/java/org/joda/time/base/AbstractPartial.java, ../joda-time/src/main/java/org/joda/time/base/BasePartial.java, 0.07801418439716312
../joda-time/src/main/java/org/joda/time/base/AbstractPartial.java, ../joda-time/src/main/java/org/joda/time/base/AbstractInterval.java, 0.06914893617021277
../joda-time/src/main/java/org/joda/time/base/AbstractPartial.java, ../joda-time/src/main/java/org/joda/time/base/BasePeriod.java, 0.05652173913043478
../joda-time/src/main/java/org/joda/time/base/AbstractPartial.java, ../joda-time/src/main/java/org/joda/time/base/AbstractDuration.java, 0.08088235294117647
../joda-time/src/main/java/org/joda/time/base/AbstractPartial.java, ../joda-time/src/main/java/org/joda/time/base/BaseInterval.java, 0.050955414012738856
../joda-time/src/main/java/org/joda/time/base/AbstractPartial.java, ../joda-time/src/main/java/org/joda/time/base/AbstractPeriod.java, 0.192
../joda-time/src/main/java/org/joda/time/base/AbstractPartial.java, ../joda-time/src/main/java/org/joda/time/base/BaseDuration.java, 0.058394160583941604
../joda-time/src/main/java/org/joda/time/base/AbstractPartial.java, ../joda-time/src/main/java/org/joda/time/base/BaseSingleFieldPeriod.java, 0.09826589595375723
../joda-time/src/main/java/org/joda/time/base/BasePartial.java, ../joda-time/src/main/java/org/joda/time/base/BaseDateTime.java, 0.09166666666666666
../joda-time/src/main/java/org/joda/time/base/BasePartial.java, ../joda-time/src/main/java/org/joda/time/base/BasePeriod.java, 0.08040201005025126
../joda-time/src/main/java/org/joda/time/base/BasePartial.java, ../joda-time/src/main/java/org/joda/time/base/BaseInterval.java, 0.07874015748031496
../joda-time/src/main/java/org/joda/time/base/BasePartial.java, ../joda-time/src/main/java/org/joda/time/base/AbstractDateTime.java, 0.0967741935483871
../joda-time/src/main/java/org/joda/time/base/BasePartial.java, ../joda-time/src/main/java/org/joda/time/base/AbstractPeriod.java, 0.05217391304347826
../joda-time/src/main/java/org/joda/time/base/BasePartial.java, ../joda-time/src/main/java/org/joda/time/base/BaseDuration.java, 0.07339449541284404
../joda-time/src/main/java/org/joda/time/base/BasePartial.java, ../joda-time/src/main/java/org/joda/time/base/BaseSingleFieldPeriod.java, 0.058823529411764705
../joda-time/src/main/java/org/joda/time/base/AbstractInterval.java, ../joda-time/src/main/java/org/joda/time/base/AbstractDuration.java, 0.09803921568627451
../joda-time/src/main/java/org/joda/time/base/AbstractInterval.java, ../joda-time/src/main/java/org/joda/time/base/BaseInterval.java, 0.056818181818181816
../joda-time/src/main/java/org/joda/time/base/AbstractInterval.java, ../joda-time/src/main/java/org/joda/time/base/AbstractPeriod.java, 0.06918238993710692
../joda-time/src/main/java/org/joda/time/base/AbstractInterval.java, ../joda-time/src/main/java/org/joda/time/base/BaseDuration.java, 0.07792207792207792
../joda-time/src/main/java/org/joda/time/base/AbstractInterval.java, ../joda-time/src/main/java/org/joda/time/base/BaseSingleFieldPeriod.java, 0.06565656565656566
../joda-time/src/main/java/org/joda/time/base/BaseDateTime.java, ../joda-time/src/main/java/org/joda/time/base/BaseInterval.java, 0.09923664122137404
../joda-time/src/main/java/org/joda/time/base/BaseDateTime.java, ../joda-time/src/main/java/org/joda/time/base/BaseDuration.java, 0.09734513274336283
../joda-time/src/main/java/org/joda/time/base/BasePeriod.java, ../joda-time/src/main/java/org/joda/time/base/BaseInterval.java, 0.07547169811320754
../joda-time/src/main/java/org/joda/time/base/BasePeriod.java, ../joda-time/src/main/java/org/joda/time/base/BaseDuration.java, 0.06666666666666667
../joda-time/src/main/java/org/joda/time/base/BasePeriod.java, ../joda-time/src/main/java/org/joda/time/base/BaseSingleFieldPeriod.java, 0.13452914798206278
../joda-time/src/main/java/org/joda/time/base/AbstractDuration.java, ../joda-time/src/main/java/org/joda/time/base/BaseInterval.java, 0.056
../joda-time/src/main/java/org/joda/time/base/AbstractDuration.java, ../joda-time/src/main/java/org/joda/time/base/AbstractDateTime.java, 0.056451612903225805
../joda-time/src/main/java/org/joda/time/base/AbstractDuration.java, ../joda-time/src/main/java/org/joda/time/base/AbstractPeriod.java, 0.1262135922330097
../joda-time/src/main/java/org/joda/time/base/AbstractDuration.java, ../joda-time/src/main/java/org/joda/time/base/BaseDuration.java, 0.07692307692307693
../joda-time/src/main/java/org/joda/time/base/AbstractDuration.java, ../joda-time/src/main/java/org/joda/time/base/BaseSingleFieldPeriod.java, 0.09027777777777778
../joda-time/src/main/java/org/joda/time/base/BaseInterval.java, ../joda-time/src/main/java/org/joda/time/base/BaseDuration.java, 0.1016949152542373
../joda-time/src/main/java/org/joda/time/base/BaseInterval.java, ../joda-time/src/main/java/org/joda/time/base/BaseSingleFieldPeriod.java, 0.08024691358024691
../joda-time/src/main/java/org/joda/time/base/AbstractDateTime.java, ../joda-time/src/main/java/org/joda/time/base/AbstractPeriod.java, 0.064
../joda-time/src/main/java/org/joda/time/base/AbstractPeriod.java, ../joda-time/src/main/java/org/joda/time/base/BaseSingleFieldPeriod.java, 0.17777777777777778
../joda-time/src/main/java/org/joda/time/base/BaseDuration.java, ../joda-time/src/main/java/org/joda/time/base/BaseSingleFieldPeriod.java, 0.0763888888888889
