4,0,src/changes/changes.xml
22,0,src/main/java/org/joda/time/IllegalFieldValueException.java
11,1,src/main/java/org/joda/time/chrono/BasicChronology.java
21,7,src/test/java/org/joda/time/TestLocalDate_Constructors.java
54,119,src/main/java/org/joda/time/DateTimeZone.java
1,1,src/main/java/org/joda/time/Chronology.java
6,0,src/changes/changes.xml
1,1,src/main/java/org/joda/time/LocalDate.java
6,0,src/test/java/org/joda/time/TestDateTime_Basics.java
7,0,src/test/java/org/joda/time/TestLocalDate_Basics.java
1,1,src/main/java/org/joda/time/Period.java
1,0,.travis.yml
1,1,README.md
4,4,pom.xml
2,2,src/main/java/org/joda/time/DateTimeUtils.java
1,1,src/main/java/org/joda/time/chrono/CopticChronology.java
1,1,src/main/java/org/joda/time/chrono/EthiopicChronology.java
1,1,src/main/java/org/joda/time/chrono/GregorianChronology.java
1,1,src/main/java/org/joda/time/chrono/IslamicChronology.java
1,1,src/main/java/org/joda/time/chrono/JulianChronology.java
1,1,src/main/java/org/joda/time/tz/ZoneInfoCompiler.java
1,1,src/main/java/org/joda/time/tz/src/Readme.txt
3,3,src/site/markdown/index.md
5,5,src/site/markdown/related.md
9,8,src/site/site.xml
2,2,src/site/xdoc/cal_buddhist.xml
1,1,src/site/xdoc/cal_coptic.xml
1,1,src/site/xdoc/cal_ethiopic.xml
1,1,src/site/xdoc/cal_gj.xml
1,1,src/site/xdoc/cal_gregorian.xml
2,2,src/site/xdoc/cal_islamic.xml
1,3,src/site/xdoc/cal_iso.xml
1,1,src/site/xdoc/cal_julian.xml
3,3,src/site/xdoc/faq.xml
1,1,src/site/xdoc/installation.xml
1,1,src/site/xdoc/timezones.xml
2,2,src/site/xdoc/tz_update.xml
1,1,src/site/xdoc/userguide.xml
1,1,src/main/java/org/joda/time/DateTimeZone.java
1,0,src/main/java/org/joda/time/Duration.java
3,2,src/main/java/org/joda/time/Instant.java
4,0,src/changes/changes.xml
5,0,src/main/java/org/joda/time/Instant.java
10,1,src/test/java/org/joda/time/TestInstant_Constructors.java
12,2,src/main/java/org/joda/time/DateTimeZone.java
4,0,src/changes/changes.xml
14,0,src/main/java/org/joda/time/Duration.java
16,1,src/main/java/org/joda/time/base/AbstractDuration.java
18,0,src/site/xdoc/key_duration.xml
7,0,src/test/java/org/joda/time/TestDuration_Basics.java
3,1,src/main/java/org/joda/time/Instant.java
20,0,src/main/java/org/joda/time/Instant.java
3,0,src/changes/changes.xml
1,1,src/main/java/org/joda/time/Period.java
4,0,src/changes/changes.xml
4,0,src/main/java/org/joda/time/Instant.java
2,2,src/main/java/org/joda/time/Instant.java
2,2,src/main/java/org/joda/time/Interval.java
1,1,src/main/java/org/joda/time/package.html
6,1,src/main/java/org/joda/time/DateTimeZone.java
9,0,src/main/java/org/joda/time/tz/ZoneInfoProvider.java
4,0,src/changes/changes.xml
12,0,src/main/java/org/joda/time/DateTimeFieldType.java
1,1,src/example/org/joda/example/time/DateTimeBrowser.java
1,1,src/main/java/org/joda/time/Chronology.java
2,2,src/main/java/org/joda/time/DateMidnight.java
3,3,src/main/java/org/joda/time/DateTime.java
2,2,src/main/java/org/joda/time/DateTimeConstants.java
1,1,src/main/java/org/joda/time/DateTimeField.java
1,1,src/main/java/org/joda/time/DateTimeFieldType.java
1,1,src/main/java/org/joda/time/DateTimeZone.java
3,3,src/main/java/org/joda/time/Days.java
1,1,src/main/java/org/joda/time/Hours.java
1,1,src/main/java/org/joda/time/IllegalFieldValueException.java
2,2,src/main/java/org/joda/time/LocalDate.java
2,2,src/main/java/org/joda/time/LocalDateTime.java
3,3,src/main/java/org/joda/time/LocalTime.java
1,1,src/main/java/org/joda/time/Minutes.java
2,2,src/main/java/org/joda/time/Months.java
1,1,src/main/java/org/joda/time/Partial.java
1,1,src/main/java/org/joda/time/Period.java
1,1,src/main/java/org/joda/time/ReadableDuration.java
1,1,src/main/java/org/joda/time/ReadableInterval.java
1,1,src/main/java/org/joda/time/Seconds.java
1,1,src/main/java/org/joda/time/TimeOfDay.java
1,1,src/main/java/org/joda/time/Weeks.java
3,3,src/main/java/org/joda/time/YearMonthDay.java
3,3,src/main/java/org/joda/time/Years.java
2,2,src/main/java/org/joda/time/base/AbstractDateTime.java
2,2,src/main/java/org/joda/time/base/AbstractPartial.java
1,1,src/main/java/org/joda/time/base/BaseLocal.java
1,1,src/main/java/org/joda/time/base/BasePartial.java
1,1,src/main/java/org/joda/time/base/BasePeriod.java
1,1,src/main/java/org/joda/time/chrono/AssembledChronology.java
1,1,src/main/java/org/joda/time/chrono/BaseChronology.java
1,1,src/main/java/org/joda/time/chrono/BasicYearDateTimeField.java
1,1,src/main/java/org/joda/time/chrono/BuddhistChronology.java
1,1,src/main/java/org/joda/time/chrono/ISOYearOfEraDateTimeField.java
5,5,src/main/java/org/joda/time/convert/ConverterManager.java
1,1,src/main/java/org/joda/time/field/BaseDateTimeField.java
1,1,src/main/java/org/joda/time/field/BaseDurationField.java
2,2,src/main/java/org/joda/time/field/SkipDateTimeField.java
2,2,src/main/java/org/joda/time/field/SkipUndoDateTimeField.java
1,1,src/main/java/org/joda/time/field/UnsupportedDateTimeField.java
1,1,src/main/java/org/joda/time/field/UnsupportedDurationField.java
4,4,src/main/java/org/joda/time/format/DateTimeFormat.java
1,1,src/main/java/org/joda/time/format/ISODateTimeFormat.java
2,2,src/main/java/org/joda/time/format/PeriodFormatterBuilder.java
1,1,src/main/java/org/joda/time/tz/FixedDateTimeZone.java
1,1,src/test/java/org/joda/time/field/TestUnsupportedDateTimeField.java
15,0,src/main/java/org/joda/time/MutableDateTime.java
5,0,RELEASE-NOTES.txt
18,0,src/main/java/org/joda/time/DateTimeZone.java
5,0,src/test/java/org/joda/time/TestDateTimeZone.java
2,0,RELEASE-NOTES.txt
6,0,src/main/java/org/joda/time/DateTimeComparator.java
10,0,src/test/java/org/joda/time/TestDateTimeComparator.java
4,4,src/main/java/org/joda/time/Duration.java
2,0,RELEASE-NOTES.txt
4,0,pom.xml
6,6,src/main/java/org/joda/time/Duration.java
3,5,src/main/java/org/joda/time/field/FieldUtils.java
5,5,src/test/java/org/joda/time/TestDuration_Basics.java
8,9,src/test/java/org/joda/time/field/TestFieldUtils.java
19,0,src/main/java/org/joda/time/Duration.java
25,0,src/main/java/org/joda/time/field/FieldUtils.java
26,0,src/test/java/org/joda/time/TestDuration_Basics.java
31,0,src/test/java/org/joda/time/field/TestFieldUtils.java
5,0,RELEASE-NOTES.txt
5,2,src/main/java/org/joda/time/DateTimeUtils.java
8,0,src/main/java/org/joda/time/Months.java
24,0,src/test/java/org/joda/time/TestMonths.java
12,12,src/main/java/org/joda/time/DurationFieldType.java
4,0,RELEASE-NOTES.txt
15,1,src/main/java/org/joda/time/DateTimeField.java
11,5,src/main/java/org/joda/time/base/BaseDateTime.java
36,10,src/main/java/org/joda/time/chrono/BasicChronology.java
8,1,src/main/java/org/joda/time/chrono/BasicYearDateTimeField.java
11,1,src/main/java/org/joda/time/chrono/ZonedChronology.java
2,2,src/main/java/org/joda/time/format/DateTimeParserBucket.java
2,1,src/test/java/org/joda/time/TestAll.java
1,31,src/test/java/org/joda/time/TestDateTime_Constructors.java
51,1,src/test/java/org/joda/time/TestInterval_Constructors.java
317,0,src/test/java/org/joda/time/TestMinMaxLong.java
1,1,src/main/java/org/joda/time/Interval.java
1,1,src/main/java/org/joda/time/base/AbstractInterval.java
3,0,RELEASE-NOTES.txt
2,2,src/main/java/org/joda/time/DateTime.java
77,0,src/main/java/org/joda/time/Interval.java
41,1,src/test/java/org/joda/time/TestInterval_Constructors.java
2,2,src/main/java/org/joda/time/ReadableInterval.java
2,2,src/main/java/org/joda/time/base/AbstractInterval.java
1,1,src/main/java/org/joda/time/DateTime.java
20,0,src/main/java/org/joda/time/Period.java
1,1,src/main/java/org/joda/time/Seconds.java
4,0,RELEASE-NOTES.txt
13,11,src/main/java/org/joda/time/DateTime.java
33,0,src/test/java/org/joda/time/TestDateTime_Basics.java
1,1,src/main/java/org/joda/time/Chronology.java
3,0,src/main/java/org/joda/time/MonthDay.java
3,0,RELEASE-NOTES.txt
30,0,src/main/java/org/joda/time/DateTime.java
27,1,src/test/java/org/joda/time/TestDateTime_Basics.java
5,0,RELEASE-NOTES.txt
1,0,pom.xml
52,19,src/main/java/org/joda/time/DateTimeZone.java
15,0,src/test/java/org/joda/time/TestDateTimeZone.java
-,-,src/test/resources/tzdata/CET
-,-,src/test/resources/tzdata/ZoneInfoMap
1,1,src/main/java/org/joda/time/DateTimeUtils.java
2,0,src/main/java/org/joda/time/Chronology.java
8,0,RELEASE-NOTES.txt
14,2,src/main/java/org/joda/time/DateTimeZone.java
57,0,src/main/java/org/joda/time/tz/DefaultNameProvider.java
40,28,src/main/java/org/joda/time/DateTimeUtils.java
158,180,src/main/java/org/joda/time/DateTimeZone.java
6,1,src/main/java/org/joda/time/tz/UTCProvider.java
6,4,src/main/java/org/joda/time/tz/ZoneInfoProvider.java
1,1,src/test/java/org/joda/time/TestDateTimeZone.java
3,0,RELEASE-NOTES.txt
78,62,src/main/java/org/joda/time/DateTimeZone.java
7,1,RELEASE-NOTES.txt
28,15,src/main/java/org/joda/time/LocalDate.java
12,4,src/main/java/org/joda/time/LocalDateTime.java
24,0,src/test/java/org/joda/time/TestLocalDateTime_Basics.java
27,0,src/test/java/org/joda/time/TestLocalDate_Basics.java
10,1,RELEASE-NOTES.txt
1,1,src/main/java/org/joda/time/DateTimeZone.java
83,0,src/main/java/org/joda/time/UTCDateTimeZone.java
4,0,RELEASE-NOTES.txt
21,12,src/main/java/org/joda/time/DateTimeZone.java
4,3,src/main/java/org/joda/time/chrono/ZonedChronology.java
126,92,src/test/java/org/joda/time/TestDateTimeZoneCutover.java
1,1,src/main/java/org/joda/time/Interval.java
4,4,src/main/java/org/joda/time/Interval.java
3,0,RELEASE-NOTES.txt
32,18,src/main/java/org/joda/time/Partial.java
43,3,src/test/java/org/joda/time/TestPartial_Constructors.java
2,0,RELEASE-NOTES.txt
18,2,src/main/java/org/joda/time/DateTime.java
1,12,src/main/java/org/joda/time/MutableDateTime.java
19,1,src/main/java/org/joda/time/base/AbstractDateTime.java
3,3,src/main/java/org/joda/time/base/AbstractInstant.java
15,0,src/test/java/org/joda/time/TestDateTime_Constructors.java
2,2,src/main/java/org/joda/time/ReadableDuration.java
3,3,src/main/java/org/joda/time/ReadableDuration.java
3,0,RELEASE-NOTES.txt
5,2,src/main/java/org/joda/time/DateTimeZone.java
37,1,src/test/java/org/joda/time/TestDateTimeZone.java
1,1,src/main/java/org/joda/time/Partial.java
1,1,src/main/java/org/joda/time/format/DateTimeFormat.java
1,1,RELEASE-NOTES.txt
3,0,src/main/java/org/joda/time/Partial.java
10,1,src/main/java/org/joda/time/Partial.java
0,3,src/main/java/org/joda/time/field/UnsupportedDurationField.java
1,1,RELEASE-NOTES.txt
8,3,src/main/java/org/joda/time/Partial.java
3,0,src/main/java/org/joda/time/field/UnsupportedDurationField.java
24,0,src/test/java/org/joda/time/TestPartial_Basics.java
6,0,RELEASE-NOTES.txt
31,12,src/main/java/org/joda/time/MutableDateTime.java
136,2,src/test/java/org/joda/time/TestMutableDateTime_Adds.java
46,1,src/test/java/org/joda/time/TestMutableDateTime_Sets.java
4,0,RELEASE-NOTES.txt
4,3,src/main/java/org/joda/time/Partial.java
9,0,src/test/java/org/joda/time/TestPartial_Basics.java
9,0,src/test/java/org/joda/time/TestPartial_Constructors.java
3,0,RELEASE-NOTES.txt
2,2,src/main/java/org/joda/time/DateTimeUtils.java
8,4,pom.xml
3,2,src/main/java/org/joda/time/Duration.java
2,2,src/main/java/org/joda/time/base/BaseDuration.java
2,2,src/main/java/org/joda/time/tz/DateTimeZoneBuilder.java
5,5,src/main/java/org/joda/time/Duration.java
2,2,src/main/java/org/joda/time/Duration.java
1,1,src/main/java/org/joda/time/Duration.java
3,0,RELEASE-NOTES.txt
14,7,src/main/java/org/joda/time/Period.java
43,0,src/test/java/org/joda/time/TestPeriod_Basics.java
2,0,RELEASE-NOTES.txt
18,0,src/main/java/org/joda/time/DateTimeComparator.java
3,0,RELEASE-NOTES.txt
4,0,pom.xml
9,9,src/main/java/org/joda/time/Duration.java
4,4,src/main/java/org/joda/time/field/FieldUtils.java
11,1,src/test/java/org/joda/time/field/TestFieldUtils.java
3,0,RELEASE-NOTES.txt
1,1,src/main/java/org/joda/time/LocalDate.java
2,0,RELEASE-NOTES.txt
3,1,src/main/java/org/joda/time/DateTimeUtils.java
29,3,src/main/java/org/joda/time/Duration.java
16,7,src/main/java/org/joda/time/field/FieldUtils.java
7,0,src/main/java/org/joda/time/Duration.java
23,0,src/test/java/org/joda/time/TestDuration_Basics.java
10,3,src/main/java/org/joda/time/Duration.java
7,0,src/main/java/org/joda/time/field/FieldUtils.java
15,2,src/test/java/org/joda/time/TestDuration_Basics.java
30,0,src/test/java/org/joda/time/field/TestFieldUtils.java
7,0,src/main/java/org/joda/time/Duration.java
13,0,src/test/java/org/joda/time/TestDuration_Basics.java
3,0,RELEASE-NOTES.txt
4,8,src/main/java/org/joda/time/DateTimeZone.java
3,5,src/main/java/org/joda/time/tz/ZoneInfoProvider.java
14,22,src/test/java/org/joda/time/TestDateTimeZone.java
1,0,src/main/java/org/joda/time/DateTimeZone.java
2,1,src/main/java/org/joda/time/base/BaseLocal.java
1,1,src/main/java/org/joda/time/chrono/BaseChronology.java
1,0,src/main/java/org/joda/time/chrono/BasicChronology.java
2,1,src/main/java/org/joda/time/chrono/BasicDayOfMonthDateTimeField.java
2,1,src/main/java/org/joda/time/chrono/BasicDayOfYearDateTimeField.java
2,1,src/main/java/org/joda/time/chrono/BasicMonthOfYearDateTimeField.java
2,1,src/main/java/org/joda/time/chrono/BasicWeekOfWeekyearDateTimeField.java
2,1,src/main/java/org/joda/time/chrono/BasicWeekyearDateTimeField.java
2,1,src/main/java/org/joda/time/chrono/BasicYearDateTimeField.java
2,0,src/main/java/org/joda/time/chrono/GJChronology.java
2,1,src/main/java/org/joda/time/chrono/GJDayOfWeekDateTimeField.java
2,1,src/main/java/org/joda/time/chrono/GJEraDateTimeField.java
2,1,src/main/java/org/joda/time/chrono/GJMonthOfYearDateTimeField.java
2,1,src/main/java/org/joda/time/chrono/GJYearOfEraDateTimeField.java
2,1,src/main/java/org/joda/time/chrono/ISOYearOfEraDateTimeField.java
2,1,src/main/java/org/joda/time/chrono/LimitChronology.java
1,0,src/main/java/org/joda/time/chrono/ZonedChronology.java
2,1,src/main/java/org/joda/time/field/DecoratedDateTimeField.java
2,1,src/main/java/org/joda/time/field/DividedDateTimeField.java
2,1,src/main/java/org/joda/time/field/ImpreciseDateTimeField.java
2,1,src/main/java/org/joda/time/field/OffsetDateTimeField.java
2,1,src/main/java/org/joda/time/field/PreciseDateTimeField.java
2,1,src/main/java/org/joda/time/field/PreciseDurationDateTimeField.java
2,1,src/main/java/org/joda/time/field/RemainderDateTimeField.java
2,1,src/main/java/org/joda/time/field/ZeroIsMaxDateTimeField.java
1,2,src/main/java/org/joda/time/format/DateTimeFormatter.java
4,1,src/main/java/org/joda/time/tz/DateTimeZoneBuilder.java
2,1,src/main/java/org/joda/time/tz/ZoneInfoProvider.java
3,0,RELEASE-NOTES.txt
4,0,pom.xml
34,37,src/main/java/org/joda/time/LocalDateTime.java
79,23,src/main/java/org/joda/time/LocalDateTime.java
86,0,src/test/java/org/joda/time/TestLocalDateTime_Basics.java
8,1,RELEASE-NOTES.txt
4,0,pom.xml
4,3,src/main/java/org/joda/time/DateMidnight.java
2,0,src/main/java/org/joda/time/DateTime.java
4,0,src/main/java/org/joda/time/LocalDate.java
3,1,src/test/java/org/joda/time/TestDateMidnight_Basics.java
2,1,src/test/java/org/joda/time/TestDateMidnight_Constructors.java
2,1,src/test/java/org/joda/time/TestDateMidnight_Properties.java
1,0,src/test/java/org/joda/time/TestDateTime_Basics.java
3,0,src/test/java/org/joda/time/TestLocalDate_Basics.java
18,19,src/test/java/org/joda/time/TestSerialization.java
2,1,src/test/java/org/joda/time/TestStringConvert.java
6,0,RELEASE-NOTES.txt
27,6,src/main/java/org/joda/time/DateTimeZone.java
15,10,src/test/java/org/joda/time/TestDateTimeZone.java
7,1,RELEASE-NOTES.txt
14,7,src/main/java/org/joda/time/DateTimeZone.java
10,3,src/test/java/org/joda/time/TestDateTimeZone.java
6,0,src/main/java/org/joda/time/DateMidnight.java
36,3,src/main/java/org/joda/time/Period.java
130,0,src/test/java/org/joda/time/TestPeriod_Constructors.java
3,0,RELEASE-NOTES.txt
15,0,src/main/java/org/joda/time/DateTimeUtils.java
8,2,src/main/java/org/joda/time/format/DateTimeFormatterBuilder.java
4,0,src/test/java/org/joda/time/format/TestDateTimeFormatterBuilder.java
2,0,RELEASE-NOTES.txt
1,1,src/main/java/org/joda/time/LocalTime.java
2,0,RELEASE-NOTES.txt
2,2,src/main/java/org/joda/time/Years.java
5,1,src/main/java/org/joda/time/LocalDate.java
5,1,src/main/java/org/joda/time/LocalDateTime.java
14,1,src/test/java/org/joda/time/TestLocalDateTime_Constructors.java
10,1,src/test/java/org/joda/time/TestLocalDate_Constructors.java
4,0,RELEASE-NOTES.txt
27,3,src/main/java/org/joda/time/DateTime.java
17,0,src/main/java/org/joda/time/IllegalInstantException.java
15,1,src/test/java/org/joda/time/TestDateTime_Properties.java
4,0,RELEASE-NOTES.txt
4,6,src/main/java/org/joda/time/DateTimeZone.java
72,0,src/main/java/org/joda/time/IllegalInstantException.java
15,18,src/main/java/org/joda/time/chrono/ZonedChronology.java
4,4,src/main/java/org/joda/time/format/DateTimeParserBucket.java
7,7,src/test/java/org/joda/time/TestDateTimeZoneCutover.java
4,0,RELEASE-NOTES.txt
14,5,src/main/java/org/joda/time/LocalDate.java
14,5,src/main/java/org/joda/time/LocalDateTime.java
41,7,src/test/java/org/joda/time/TestLocalDateTime_Constructors.java
48,2,src/test/java/org/joda/time/TestLocalDate_Constructors.java
2,2,src/main/java/org/joda/time/DateTimeUtils.java
3,0,RELEASE-NOTES.txt
10,4,src/main/java/org/joda/time/MutableDateTime.java
39,0,src/test/java/org/joda/time/TestMutableDateTime_Sets.java
4,0,RELEASE-NOTES.txt
1,1,src/main/java/org/joda/time/LocalDateTime.java
12,1,src/test/java/org/joda/time/TestLocalDateTime_Constructors.java
3,0,RELEASE-NOTES.txt
62,1,src/main/java/org/joda/time/DateTimeUtils.java
45,1,src/test/java/org/joda/time/TestDateTimeUtils.java
6,0,RELEASE-NOTES.txt
55,0,src/main/java/org/joda/time/DateTimeUtils.java
1,1,src/main/java/org/joda/time/format/DateTimeFormat.java
6,3,src/main/java/org/joda/time/format/DateTimeFormatterBuilder.java
29,0,src/test/java/org/joda/time/format/TestDateTimeFormatterBuilder.java
7,7,src/main/java/org/joda/time/DateMidnight.java
48,48,src/main/java/org/joda/time/DateTime.java
5,5,src/main/java/org/joda/time/LocalDate.java
22,22,src/main/java/org/joda/time/LocalDateTime.java
13,13,src/main/java/org/joda/time/LocalTime.java
1,0,RELEASE-NOTES.txt
1,1,src/main/java/org/joda/time/IllegalFieldValueException.java
1,1,src/main/java/org/joda/time/Partial.java
1,1,src/main/java/org/joda/time/chrono/BasicChronology.java
1,1,src/main/java/org/joda/time/convert/ConverterSet.java
1,1,src/main/java/org/joda/time/format/DateTimeFormat.java
1,1,src/main/java/org/joda/time/tz/ZoneInfoProvider.java
5,5,src/main/java/org/joda/time/DateTimeUtils.java
20,20,src/main/java/org/joda/time/base/BasePeriod.java
3,3,src/main/java/org/joda/time/format/DateTimeFormatterBuilder.java
1,1,src/main/java/org/joda/time/tz/FixedDateTimeZone.java
5,5,src/main/java/org/joda/time/tz/ZoneInfoProvider.java
2,0,src/main/java/org/joda/time/Period.java
2,0,RELEASE-NOTES.txt
30,0,src/main/java/org/joda/time/Period.java
77,0,src/test/java/org/joda/time/TestPeriod_Basics.java
3,0,RELEASE-NOTES.txt
1,1,src/main/java/org/joda/time/DateTimeZone.java
9,0,src/test/java/org/joda/time/TestDateTimeZone.java
3,0,RELEASE-NOTES.txt
30,7,src/main/java/org/joda/time/DateTimeZone.java
36,2,src/test/java/org/joda/time/TestDateTimeZoneCutover.java
10,0,src/main/java/org/joda/time/LocalDate.java
3,0,RELEASE-NOTES.txt
3,0,src/main/java/org/joda/time/LocalDate.java
3,0,src/main/java/org/joda/time/LocalDateTime.java
3,0,src/main/java/org/joda/time/LocalTime.java
3,0,RELEASE-NOTES.txt
2,2,src/main/java/org/joda/time/PeriodType.java
2,0,src/test/java/org/joda/time/TestPeriodType.java
1,1,src/main/java/org/joda/time/DateTimeFieldType.java
1,1,src/main/java/org/joda/time/DurationFieldType.java
16,0,src/test/java/org/joda/time/TestPeriodType.java
1,0,RELEASE-NOTES.txt
18,1,src/main/java/org/joda/time/DurationFieldType.java
9,3,RELEASE-NOTES.txt
1,1,src/main/java/org/joda/time/DateTimeZone.java
23,2,src/test/java/org/joda/time/TestDateTimeZoneCutover.java
2,0,RELEASE-NOTES.txt
3,3,src/main/java/org/joda/time/MutablePeriod.java
1,0,src/main/java/org/joda/time/DateMidnight.java
2,0,src/main/java/org/joda/time/DateTime.java
2,0,src/main/java/org/joda/time/Instant.java
3,1,src/main/java/org/joda/time/TimeOfDay.java
3,1,src/main/java/org/joda/time/YearMonthDay.java
1,0,src/main/java/org/joda/time/format/DateTimeFormatter.java
4,0,RELEASE-NOTES.txt
49,0,src/main/java/org/joda/time/DateMidnight.java
46,0,src/main/java/org/joda/time/DateTime.java
13,0,src/main/java/org/joda/time/Instant.java
46,0,src/main/java/org/joda/time/LocalDate.java
49,0,src/main/java/org/joda/time/LocalDateTime.java
49,0,src/main/java/org/joda/time/LocalTime.java
49,0,src/main/java/org/joda/time/MonthDay.java
46,0,src/main/java/org/joda/time/MutableDateTime.java
49,0,src/main/java/org/joda/time/YearMonth.java
4,0,src/site/xdoc/upgradeto200.xml
51,0,src/test/java/org/joda/time/TestDateMidnight_Constructors.java
48,0,src/test/java/org/joda/time/TestDateTime_Constructors.java
10,0,src/test/java/org/joda/time/TestInstant_Constructors.java
4,0,src/test/java/org/joda/time/TestLocalDateTime_Constructors.java
4,0,src/test/java/org/joda/time/TestLocalDate_Constructors.java
4,0,src/test/java/org/joda/time/TestLocalTime_Constructors.java
4,0,src/test/java/org/joda/time/TestMonthDay_Constructors.java
48,0,src/test/java/org/joda/time/TestMutableDateTime_Constructors.java
4,0,src/test/java/org/joda/time/TestYearMonth_Constructors.java
30,25,src/main/java/org/joda/time/ReadablePartial.java
8,3,RELEASE-NOTES.txt
8,0,pom.xml
0,8,src/main/java/org/joda/time/LocalDate.java
0,8,src/main/java/org/joda/time/LocalDateTime.java
1,9,src/main/java/org/joda/time/LocalTime.java
24,29,src/main/java/org/joda/time/ReadablePartial.java
3,8,src/main/java/org/joda/time/base/AbstractPartial.java
4,1,src/test/java/org/joda/time/MockPartial.java
12,1,src/main/java/org/joda/time/DateMidnight.java
11,0,src/main/java/org/joda/time/DateTime.java
17,1,src/main/java/org/joda/time/LocalDate.java
17,1,src/main/java/org/joda/time/LocalDateTime.java
12,1,src/main/java/org/joda/time/ReadableDateTime.java
12,1,src/main/java/org/joda/time/base/AbstractDateTime.java
3,0,RELEASE-NOTES.txt
20,0,src/main/java/org/joda/time/DateTime.java
0,202,JodaTime/LICENSE.txt
0,5,JodaTime/NOTICE.txt
0,263,JodaTime/RELEASE-NOTES.txt
0,56,JodaTime/ToDo.txt
0,469,JodaTime/build.xml
0,81,JodaTime/checkstyle.xml
0,442,JodaTime/pom.xml
0,2,JodaTime/release.bat
0,23,JodaTime/src/conf/MANIFEST.MF
0,360,JodaTime/src/example/org/joda/example/time/AgeCalculator.java
0,53,JodaTime/src/example/org/joda/example/time/DateTimeBrowser.README.txt
0,1162,JodaTime/src/example/org/joda/example/time/DateTimeBrowser.java
0,33,JodaTime/src/example/org/joda/example/time/DateTimeFile.dat
0,900,JodaTime/src/example/org/joda/example/time/DateTimePerformance.java
0,115,JodaTime/src/example/org/joda/example/time/Examples.java
0,179,JodaTime/src/example/org/joda/example/time/TimeZoneTable.java
0,25,JodaTime/src/main/assembly/bin.xml
0,35,JodaTime/src/main/assembly/src.xml
0,504,JodaTime/src/main/java/org/joda/time/Chronology.java
0,1412,JodaTime/src/main/java/org/joda/time/DateMidnight.java
0,2219,JodaTime/src/main/java/org/joda/time/DateTime.java
0,257,JodaTime/src/main/java/org/joda/time/DateTimeComparator.java
0,172,JodaTime/src/main/java/org/joda/time/DateTimeConstants.java
0,673,JodaTime/src/main/java/org/joda/time/DateTimeField.java
0,595,JodaTime/src/main/java/org/joda/time/DateTimeFieldType.java
0,451,JodaTime/src/main/java/org/joda/time/DateTimeUtils.java
0,1278,JodaTime/src/main/java/org/joda/time/DateTimeZone.java
0,491,JodaTime/src/main/java/org/joda/time/Days.java
0,473,JodaTime/src/main/java/org/joda/time/Duration.java
0,320,JodaTime/src/main/java/org/joda/time/DurationField.java
0,335,JodaTime/src/main/java/org/joda/time/DurationFieldType.java
0,490,JodaTime/src/main/java/org/joda/time/Hours.java
0,329,JodaTime/src/main/java/org/joda/time/IllegalFieldValueException.java
0,349,JodaTime/src/main/java/org/joda/time/Instant.java
0,485,JodaTime/src/main/java/org/joda/time/Interval.java
0,60,JodaTime/src/main/java/org/joda/time/JodaTimePermission.java
0,2032,JodaTime/src/main/java/org/joda/time/LocalDate.java
0,2264,JodaTime/src/main/java/org/joda/time/LocalDateTime.java
0,1579,JodaTime/src/main/java/org/joda/time/LocalTime.java
0,471,JodaTime/src/main/java/org/joda/time/Minutes.java
0,925,JodaTime/src/main/java/org/joda/time/MonthDay.java
0,397,JodaTime/src/main/java/org/joda/time/Months.java
0,1415,JodaTime/src/main/java/org/joda/time/MutableDateTime.java
0,414,JodaTime/src/main/java/org/joda/time/MutableInterval.java
0,1013,JodaTime/src/main/java/org/joda/time/MutablePeriod.java
0,997,JodaTime/src/main/java/org/joda/time/Partial.java
0,1574,JodaTime/src/main/java/org/joda/time/Period.java
0,858,JodaTime/src/main/java/org/joda/time/PeriodType.java
0,267,JodaTime/src/main/java/org/joda/time/ReadWritableDateTime.java
0,159,JodaTime/src/main/java/org/joda/time/ReadWritableInstant.java
0,135,JodaTime/src/main/java/org/joda/time/ReadWritableInterval.java
0,280,JodaTime/src/main/java/org/joda/time/ReadWritablePeriod.java
0,202,JodaTime/src/main/java/org/joda/time/ReadableDateTime.java
0,152,JodaTime/src/main/java/org/joda/time/ReadableDuration.java
0,181,JodaTime/src/main/java/org/joda/time/ReadableInstant.java
0,321,JodaTime/src/main/java/org/joda/time/ReadableInterval.java
0,187,JodaTime/src/main/java/org/joda/time/ReadablePartial.java
0,167,JodaTime/src/main/java/org/joda/time/ReadablePeriod.java
0,471,JodaTime/src/main/java/org/joda/time/Seconds.java
0,1226,JodaTime/src/main/java/org/joda/time/TimeOfDay.java
0,477,JodaTime/src/main/java/org/joda/time/Weeks.java
0,942,JodaTime/src/main/java/org/joda/time/YearMonth.java
0,1119,JodaTime/src/main/java/org/joda/time/YearMonthDay.java
0,361,JodaTime/src/main/java/org/joda/time/Years.java
0,317,JodaTime/src/main/java/org/joda/time/base/AbstractDateTime.java
0,206,JodaTime/src/main/java/org/joda/time/base/AbstractDuration.java
0,442,JodaTime/src/main/java/org/joda/time/base/AbstractInstant.java
0,492,JodaTime/src/main/java/org/joda/time/base/AbstractInterval.java
0,420,JodaTime/src/main/java/org/joda/time/base/AbstractPartial.java
0,224,JodaTime/src/main/java/org/joda/time/base/AbstractPeriod.java
0,332,JodaTime/src/main/java/org/joda/time/base/BaseDateTime.java
0,272,JodaTime/src/main/java/org/joda/time/base/BaseDuration.java
0,254,JodaTime/src/main/java/org/joda/time/base/BaseInterval.java
0,62,JodaTime/src/main/java/org/joda/time/base/BaseLocal.java
0,303,JodaTime/src/main/java/org/joda/time/base/BasePartial.java
0,625,JodaTime/src/main/java/org/joda/time/base/BasePeriod.java
0,344,JodaTime/src/main/java/org/joda/time/base/BaseSingleFieldPeriod.java
0,39,JodaTime/src/main/java/org/joda/time/base/package.html
0,565,JodaTime/src/main/java/org/joda/time/chrono/AssembledChronology.java
0,680,JodaTime/src/main/java/org/joda/time/chrono/BaseChronology.java
0,776,JodaTime/src/main/java/org/joda/time/chrono/BasicChronology.java
0,105,JodaTime/src/main/java/org/joda/time/chrono/BasicDayOfMonthDateTimeField.java
0,102,JodaTime/src/main/java/org/joda/time/chrono/BasicDayOfYearDateTimeField.java
0,161,JodaTime/src/main/java/org/joda/time/chrono/BasicFixedMonthChronology.java
0,201,JodaTime/src/main/java/org/joda/time/chrono/BasicGJChronology.java
0,360,JodaTime/src/main/java/org/joda/time/chrono/BasicMonthOfYearDateTimeField.java
0,134,JodaTime/src/main/java/org/joda/time/chrono/BasicSingleEraDateTimeField.java
0,120,JodaTime/src/main/java/org/joda/time/chrono/BasicWeekOfWeekyearDateTimeField.java
0,252,JodaTime/src/main/java/org/joda/time/chrono/BasicWeekyearDateTimeField.java
0,146,JodaTime/src/main/java/org/joda/time/chrono/BasicYearDateTimeField.java
0,238,JodaTime/src/main/java/org/joda/time/chrono/BuddhistChronology.java
0,261,JodaTime/src/main/java/org/joda/time/chrono/CopticChronology.java
0,259,JodaTime/src/main/java/org/joda/time/chrono/EthiopicChronology.java
0,1091,JodaTime/src/main/java/org/joda/time/chrono/GJChronology.java
0,141,JodaTime/src/main/java/org/joda/time/chrono/GJDayOfWeekDateTimeField.java
0,152,JodaTime/src/main/java/org/joda/time/chrono/GJEraDateTimeField.java
0,255,JodaTime/src/main/java/org/joda/time/chrono/GJLocaleSymbols.java
0,65,JodaTime/src/main/java/org/joda/time/chrono/GJMonthOfYearDateTimeField.java
0,118,JodaTime/src/main/java/org/joda/time/chrono/GJYearOfEraDateTimeField.java
0,244,JodaTime/src/main/java/org/joda/time/chrono/GregorianChronology.java
0,235,JodaTime/src/main/java/org/joda/time/chrono/ISOChronology.java
0,112,JodaTime/src/main/java/org/joda/time/chrono/ISOYearOfEraDateTimeField.java
0,543,JodaTime/src/main/java/org/joda/time/chrono/IslamicChronology.java
0,273,JodaTime/src/main/java/org/joda/time/chrono/JulianChronology.java
0,156,JodaTime/src/main/java/org/joda/time/chrono/LenientChronology.java
0,606,JodaTime/src/main/java/org/joda/time/chrono/LimitChronology.java
0,156,JodaTime/src/main/java/org/joda/time/chrono/StrictChronology.java
0,602,JodaTime/src/main/java/org/joda/time/chrono/ZonedChronology.java
0,51,JodaTime/src/main/java/org/joda/time/chrono/package.html
0,161,JodaTime/src/main/java/org/joda/time/convert/AbstractConverter.java
0,135,JodaTime/src/main/java/org/joda/time/convert/CalendarConverter.java
0,34,JodaTime/src/main/java/org/joda/time/convert/Converter.java
0,597,JodaTime/src/main/java/org/joda/time/convert/ConverterManager.java
0,328,JodaTime/src/main/java/org/joda/time/convert/ConverterSet.java
0,69,JodaTime/src/main/java/org/joda/time/convert/DateConverter.java
0,36,JodaTime/src/main/java/org/joda/time/convert/DurationConverter.java
0,72,JodaTime/src/main/java/org/joda/time/convert/InstantConverter.java
0,53,JodaTime/src/main/java/org/joda/time/convert/IntervalConverter.java
0,80,JodaTime/src/main/java/org/joda/time/convert/LongConverter.java
0,98,JodaTime/src/main/java/org/joda/time/convert/NullConverter.java
0,89,JodaTime/src/main/java/org/joda/time/convert/PartialConverter.java
0,51,JodaTime/src/main/java/org/joda/time/convert/PeriodConverter.java
0,91,JodaTime/src/main/java/org/joda/time/convert/ReadableDurationConverter.java
0,113,JodaTime/src/main/java/org/joda/time/convert/ReadableInstantConverter.java
0,116,JodaTime/src/main/java/org/joda/time/convert/ReadableIntervalConverter.java
0,107,JodaTime/src/main/java/org/joda/time/convert/ReadablePartialConverter.java
0,84,JodaTime/src/main/java/org/joda/time/convert/ReadablePeriodConverter.java
0,244,JodaTime/src/main/java/org/joda/time/convert/StringConverter.java
0,33,JodaTime/src/main/java/org/joda/time/convert/package.html
0,360,JodaTime/src/main/java/org/joda/time/field/AbstractPartialFieldProperty.java
0,474,JodaTime/src/main/java/org/joda/time/field/AbstractReadableInstantFieldProperty.java
0,1006,JodaTime/src/main/java/org/joda/time/field/BaseDateTimeField.java
0,168,JodaTime/src/main/java/org/joda/time/field/BaseDurationField.java
0,105,JodaTime/src/main/java/org/joda/time/field/DecoratedDateTimeField.java
0,104,JodaTime/src/main/java/org/joda/time/field/DecoratedDurationField.java
0,279,JodaTime/src/main/java/org/joda/time/field/DelegatedDateTimeField.java
0,158,JodaTime/src/main/java/org/joda/time/field/DelegatedDurationField.java
0,229,JodaTime/src/main/java/org/joda/time/field/DividedDateTimeField.java
0,327,JodaTime/src/main/java/org/joda/time/field/FieldUtils.java
0,200,JodaTime/src/main/java/org/joda/time/field/ImpreciseDateTimeField.java
0,77,JodaTime/src/main/java/org/joda/time/field/LenientDateTimeField.java
0,163,JodaTime/src/main/java/org/joda/time/field/MillisDurationField.java
0,218,JodaTime/src/main/java/org/joda/time/field/OffsetDateTimeField.java
0,146,JodaTime/src/main/java/org/joda/time/field/PreciseDateTimeField.java
0,166,JodaTime/src/main/java/org/joda/time/field/PreciseDurationDateTimeField.java
0,148,JodaTime/src/main/java/org/joda/time/field/PreciseDurationField.java
0,202,JodaTime/src/main/java/org/joda/time/field/RemainderDateTimeField.java
0,154,JodaTime/src/main/java/org/joda/time/field/ScaledDurationField.java
0,107,JodaTime/src/main/java/org/joda/time/field/SkipDateTimeField.java
0,102,JodaTime/src/main/java/org/joda/time/field/SkipUndoDateTimeField.java
0,71,JodaTime/src/main/java/org/joda/time/field/StrictDateTimeField.java
0,547,JodaTime/src/main/java/org/joda/time/field/UnsupportedDateTimeField.java
0,279,JodaTime/src/main/java/org/joda/time/field/UnsupportedDurationField.java
0,204,JodaTime/src/main/java/org/joda/time/field/ZeroIsMaxDateTimeField.java
0,33,JodaTime/src/main/java/org/joda/time/field/package.html
0,852,JodaTime/src/main/java/org/joda/time/format/DateTimeFormat.java
0,925,JodaTime/src/main/java/org/joda/time/format/DateTimeFormatter.java
0,2725,JodaTime/src/main/java/org/joda/time/format/DateTimeFormatterBuilder.java
0,64,JodaTime/src/main/java/org/joda/time/format/DateTimeParser.java
0,510,JodaTime/src/main/java/org/joda/time/format/DateTimeParserBucket.java
0,104,JodaTime/src/main/java/org/joda/time/format/DateTimePrinter.java
0,377,JodaTime/src/main/java/org/joda/time/format/FormatUtils.java
0,1679,JodaTime/src/main/java/org/joda/time/format/ISODateTimeFormat.java
0,206,JodaTime/src/main/java/org/joda/time/format/ISOPeriodFormat.java
0,131,JodaTime/src/main/java/org/joda/time/format/PeriodFormat.java
0,340,JodaTime/src/main/java/org/joda/time/format/PeriodFormatter.java
0,1868,JodaTime/src/main/java/org/joda/time/format/PeriodFormatterBuilder.java
0,62,JodaTime/src/main/java/org/joda/time/format/PeriodParser.java
0,83,JodaTime/src/main/java/org/joda/time/format/PeriodPrinter.java
0,22,JodaTime/src/main/java/org/joda/time/format/messages.properties
0,22,JodaTime/src/main/java/org/joda/time/format/messages_de.properties
0,22,JodaTime/src/main/java/org/joda/time/format/messages_es.properties
0,22,JodaTime/src/main/java/org/joda/time/format/messages_fr.properties
0,22,JodaTime/src/main/java/org/joda/time/format/messages_nl.properties
0,22,JodaTime/src/main/java/org/joda/time/format/messages_pt.properties
0,41,JodaTime/src/main/java/org/joda/time/format/package.html
0,40,JodaTime/src/main/java/org/joda/time/overview.html
0,176,JodaTime/src/main/java/org/joda/time/package.html
0,223,JodaTime/src/main/java/org/joda/time/tz/CachedDateTimeZone.java
0,1728,JodaTime/src/main/java/org/joda/time/tz/DateTimeZoneBuilder.java
0,89,JodaTime/src/main/java/org/joda/time/tz/DefaultNameProvider.java
0,105,JodaTime/src/main/java/org/joda/time/tz/FixedDateTimeZone.java
0,44,JodaTime/src/main/java/org/joda/time/tz/NameProvider.java
0,44,JodaTime/src/main/java/org/joda/time/tz/Provider.java
0,58,JodaTime/src/main/java/org/joda/time/tz/UTCProvider.java
0,840,JodaTime/src/main/java/org/joda/time/tz/ZoneInfoCompiler.java
0,291,JodaTime/src/main/java/org/joda/time/tz/ZoneInfoProvider.java
0,32,JodaTime/src/main/java/org/joda/time/tz/package.html
0,2,JodaTime/src/main/java/org/joda/time/tz/src/Readme.txt
0,1048,JodaTime/src/main/java/org/joda/time/tz/src/africa
0,411,JodaTime/src/main/java/org/joda/time/tz/src/antarctica
0,2586,JodaTime/src/main/java/org/joda/time/tz/src/asia
0,1562,JodaTime/src/main/java/org/joda/time/tz/src/australasia
0,118,JodaTime/src/main/java/org/joda/time/tz/src/backward
0,83,JodaTime/src/main/java/org/joda/time/tz/src/etcetera
0,2724,JodaTime/src/main/java/org/joda/time/tz/src/europe
0,2897,JodaTime/src/main/java/org/joda/time/tz/src/northamerica
0,29,JodaTime/src/main/java/org/joda/time/tz/src/pacificnew
0,1568,JodaTime/src/main/java/org/joda/time/tz/src/southamerica
0,39,JodaTime/src/main/java/org/joda/time/tz/src/systemv
0,129,JodaTime/src/site/resources/css/site.css
-,-,JodaTime/src/site/resources/images/joda.png
-,-,JodaTime/src/site/resources/images/jodatime.png
0,83,JodaTime/src/site/site.xml
0,57,JodaTime/src/site/xdoc/cal_buddhist.xml
0,61,JodaTime/src/site/xdoc/cal_coptic.xml
0,60,JodaTime/src/site/xdoc/cal_ethiopic.xml
0,66,JodaTime/src/site/xdoc/cal_gj.xml
0,58,JodaTime/src/site/xdoc/cal_gregorian.xml
0,104,JodaTime/src/site/xdoc/cal_islamic.xml
0,128,JodaTime/src/site/xdoc/cal_iso.xml
0,52,JodaTime/src/site/xdoc/cal_julian.xml
0,289,JodaTime/src/site/xdoc/faq.xml
0,488,JodaTime/src/site/xdoc/field.xml
0,171,JodaTime/src/site/xdoc/index.xml
0,52,JodaTime/src/site/xdoc/installation.xml
0,81,JodaTime/src/site/xdoc/key_chronology.xml
0,77,JodaTime/src/site/xdoc/key_duration.xml
0,105,JodaTime/src/site/xdoc/key_instant.xml
0,83,JodaTime/src/site/xdoc/key_interval.xml
0,122,JodaTime/src/site/xdoc/key_partial.xml
0,182,JodaTime/src/site/xdoc/key_period.xml
0,49,JodaTime/src/site/xdoc/privacy.xml
0,155,JodaTime/src/site/xdoc/quickstart.xml
0,41,JodaTime/src/site/xdoc/related.xml
0,39,JodaTime/src/site/xdoc/tasks.xml
0,459,JodaTime/src/site/xdoc/timezones.xml
0,54,JodaTime/src/site/xdoc/tz_update.xml
0,186,JodaTime/src/site/xdoc/upgradeto099.xml
0,61,JodaTime/src/site/xdoc/upgradeto100.xml
0,199,JodaTime/src/site/xdoc/upgradeto110.xml
0,142,JodaTime/src/site/xdoc/upgradeto120.xml
0,76,JodaTime/src/site/xdoc/upgradeto121.xml
0,152,JodaTime/src/site/xdoc/upgradeto130.xml
0,88,JodaTime/src/site/xdoc/upgradeto140.xml
0,198,JodaTime/src/site/xdoc/upgradeto150.xml
0,68,JodaTime/src/site/xdoc/upgradeto151.xml
0,77,JodaTime/src/site/xdoc/upgradeto152.xml
0,132,JodaTime/src/site/xdoc/upgradeto160.xml
0,91,JodaTime/src/site/xdoc/upgradeto161.xml
0,196,JodaTime/src/site/xdoc/upgradeto200.xml
0,989,JodaTime/src/site/xdoc/userguide.xml
0,51,JodaTime/src/test/java/org/joda/time/ClassLoadTest.java
0,44,JodaTime/src/test/java/org/joda/time/MockNullZoneChronology.java
0,62,JodaTime/src/test/java/org/joda/time/MockPartial.java
0,58,JodaTime/src/test/java/org/joda/time/MockZone.java
0,228,JodaTime/src/test/java/org/joda/time/TestAbstractPartial.java
0,142,JodaTime/src/test/java/org/joda/time/TestAll.java
0,60,JodaTime/src/test/java/org/joda/time/TestAllPackages.java
0,145,JodaTime/src/test/java/org/joda/time/TestBasePartial.java
0,333,JodaTime/src/test/java/org/joda/time/TestBaseSingleFieldPeriod.java
0,249,JodaTime/src/test/java/org/joda/time/TestChronology.java
0,1020,JodaTime/src/test/java/org/joda/time/TestDateMidnight_Basics.java
0,569,JodaTime/src/test/java/org/joda/time/TestDateMidnight_Constructors.java
0,544,JodaTime/src/test/java/org/joda/time/TestDateMidnight_Properties.java
0,948,JodaTime/src/test/java/org/joda/time/TestDateTimeComparator.java
0,117,JodaTime/src/test/java/org/joda/time/TestDateTimeConstants.java
0,327,JodaTime/src/test/java/org/joda/time/TestDateTimeFieldType.java
0,471,JodaTime/src/test/java/org/joda/time/TestDateTimeUtils.java
0,1003,JodaTime/src/test/java/org/joda/time/TestDateTimeZone.java
0,1285,JodaTime/src/test/java/org/joda/time/TestDateTimeZoneCutover.java
0,1227,JodaTime/src/test/java/org/joda/time/TestDateTime_Basics.java
0,736,JodaTime/src/test/java/org/joda/time/TestDateTime_Constructors.java
0,1382,JodaTime/src/test/java/org/joda/time/TestDateTime_Properties.java
0,401,JodaTime/src/test/java/org/joda/time/TestDays.java
0,62,JodaTime/src/test/java/org/joda/time/TestDurationField.java
0,189,JodaTime/src/test/java/org/joda/time/TestDurationFieldType.java
0,775,JodaTime/src/test/java/org/joda/time/TestDuration_Basics.java
0,259,JodaTime/src/test/java/org/joda/time/TestDuration_Constructors.java
0,396,JodaTime/src/test/java/org/joda/time/TestHours.java
0,337,JodaTime/src/test/java/org/joda/time/TestIllegalFieldValueException.java
0,593,JodaTime/src/test/java/org/joda/time/TestInstant_Basics.java
0,172,JodaTime/src/test/java/org/joda/time/TestInstant_Constructors.java
0,1262,JodaTime/src/test/java/org/joda/time/TestInterval_Basics.java
0,704,JodaTime/src/test/java/org/joda/time/TestInterval_Constructors.java
0,1000,JodaTime/src/test/java/org/joda/time/TestLocalDateTime_Basics.java
0,724,JodaTime/src/test/java/org/joda/time/TestLocalDateTime_Constructors.java
0,1084,JodaTime/src/test/java/org/joda/time/TestLocalDateTime_Properties.java
0,1127,JodaTime/src/test/java/org/joda/time/TestLocalDate_Basics.java
0,543,JodaTime/src/test/java/org/joda/time/TestLocalDate_Constructors.java
0,555,JodaTime/src/test/java/org/joda/time/TestLocalDate_Properties.java
0,815,JodaTime/src/test/java/org/joda/time/TestLocalTime_Basics.java
0,755,JodaTime/src/test/java/org/joda/time/TestLocalTime_Constructors.java
0,785,JodaTime/src/test/java/org/joda/time/TestLocalTime_Properties.java
0,379,JodaTime/src/test/java/org/joda/time/TestMinutes.java
0,658,JodaTime/src/test/java/org/joda/time/TestMonthDay_Basics.java
0,404,JodaTime/src/test/java/org/joda/time/TestMonthDay_Constructors.java
0,343,JodaTime/src/test/java/org/joda/time/TestMonthDay_Properties.java
0,338,JodaTime/src/test/java/org/joda/time/TestMonths.java
0,257,JodaTime/src/test/java/org/joda/time/TestMutableDateTime_Adds.java
0,753,JodaTime/src/test/java/org/joda/time/TestMutableDateTime_Basics.java
0,539,JodaTime/src/test/java/org/joda/time/TestMutableDateTime_Constructors.java
0,776,JodaTime/src/test/java/org/joda/time/TestMutableDateTime_Properties.java
0,583,JodaTime/src/test/java/org/joda/time/TestMutableDateTime_Sets.java
0,489,JodaTime/src/test/java/org/joda/time/TestMutableInterval_Basics.java
0,680,JodaTime/src/test/java/org/joda/time/TestMutableInterval_Constructors.java
0,398,JodaTime/src/test/java/org/joda/time/TestMutableInterval_Updates.java
0,454,JodaTime/src/test/java/org/joda/time/TestMutablePeriod_Basics.java
0,972,JodaTime/src/test/java/org/joda/time/TestMutablePeriod_Constructors.java
0,1455,JodaTime/src/test/java/org/joda/time/TestMutablePeriod_Updates.java
0,403,JodaTime/src/test/java/org/joda/time/TestParseISO.java
0,908,JodaTime/src/test/java/org/joda/time/TestPartial_Basics.java
0,459,JodaTime/src/test/java/org/joda/time/TestPartial_Constructors.java
0,174,JodaTime/src/test/java/org/joda/time/TestPartial_Match.java
0,416,JodaTime/src/test/java/org/joda/time/TestPartial_Properties.java
0,898,JodaTime/src/test/java/org/joda/time/TestPeriodType.java
0,1442,JodaTime/src/test/java/org/joda/time/TestPeriod_Basics.java
0,1383,JodaTime/src/test/java/org/joda/time/TestPeriod_Constructors.java
0,369,JodaTime/src/test/java/org/joda/time/TestSeconds.java
0,499,JodaTime/src/test/java/org/joda/time/TestSerialization.java
0,202,JodaTime/src/test/java/org/joda/time/TestStringConvert.java
0,916,JodaTime/src/test/java/org/joda/time/TestTimeOfDay_Basics.java
0,765,JodaTime/src/test/java/org/joda/time/TestTimeOfDay_Constructors.java
0,736,JodaTime/src/test/java/org/joda/time/TestTimeOfDay_Properties.java
0,399,JodaTime/src/test/java/org/joda/time/TestWeeks.java
0,847,JodaTime/src/test/java/org/joda/time/TestYearMonthDay_Basics.java
0,467,JodaTime/src/test/java/org/joda/time/TestYearMonthDay_Constructors.java
0,558,JodaTime/src/test/java/org/joda/time/TestYearMonthDay_Properties.java
0,655,JodaTime/src/test/java/org/joda/time/TestYearMonth_Basics.java
0,404,JodaTime/src/test/java/org/joda/time/TestYearMonth_Constructors.java
0,366,JodaTime/src/test/java/org/joda/time/TestYearMonth_Properties.java
0,320,JodaTime/src/test/java/org/joda/time/TestYears.java
0,59,JodaTime/src/test/java/org/joda/time/chrono/TestAll.java
0,365,JodaTime/src/test/java/org/joda/time/chrono/TestBuddhistChronology.java
0,548,JodaTime/src/test/java/org/joda/time/chrono/TestCopticChronology.java
0,548,JodaTime/src/test/java/org/joda/time/chrono/TestEthiopicChronology.java
0,492,JodaTime/src/test/java/org/joda/time/chrono/TestGJChronology.java
0,280,JodaTime/src/test/java/org/joda/time/chrono/TestGregorianChronology.java
0,423,JodaTime/src/test/java/org/joda/time/chrono/TestISOChronology.java
0,708,JodaTime/src/test/java/org/joda/time/chrono/TestIslamicChronology.java
0,269,JodaTime/src/test/java/org/joda/time/chrono/TestJulianChronology.java
0,170,JodaTime/src/test/java/org/joda/time/chrono/TestLenientChronology.java
0,444,JodaTime/src/test/java/org/joda/time/chrono/gj/MainTest.java
0,49,JodaTime/src/test/java/org/joda/time/chrono/gj/TestAll.java
0,294,JodaTime/src/test/java/org/joda/time/chrono/gj/TestGJChronology.java
0,43,JodaTime/src/test/java/org/joda/time/chrono/gj/TestGJDateTimeField.java
0,67,JodaTime/src/test/java/org/joda/time/chrono/gj/TestGJDayOfMonthField.java
0,61,JodaTime/src/test/java/org/joda/time/chrono/gj/TestGJDayOfWeekField.java
0,63,JodaTime/src/test/java/org/joda/time/chrono/gj/TestGJDayOfYearField.java
0,93,JodaTime/src/test/java/org/joda/time/chrono/gj/TestGJMonthOfYearField.java
0,69,JodaTime/src/test/java/org/joda/time/chrono/gj/TestGJWeekOfWeekyearField.java
0,79,JodaTime/src/test/java/org/joda/time/chrono/gj/TestGJWeekyearField.java
0,75,JodaTime/src/test/java/org/joda/time/chrono/gj/TestGJYearField.java
0,137,JodaTime/src/test/java/org/joda/time/chrono/gj/TestGregorianChronology.java
0,165,JodaTime/src/test/java/org/joda/time/chrono/gj/TestJulianChronology.java
0,30,JodaTime/src/test/java/org/joda/time/chrono/gj/TestJulianDayOfMonthField.java
0,60,JodaTime/src/test/java/org/joda/time/chrono/gj/TestJulianMonthOfYearField.java
0,58,JodaTime/src/test/java/org/joda/time/chrono/gj/TestJulianWeekyearField.java
0,58,JodaTime/src/test/java/org/joda/time/chrono/gj/TestJulianYearField.java
0,47,JodaTime/src/test/java/org/joda/time/convert/MockBadChronology.java
0,66,JodaTime/src/test/java/org/joda/time/convert/MockUnknownCalendar.java
0,55,JodaTime/src/test/java/org/joda/time/convert/MockUnknownTimeZone.java
0,51,JodaTime/src/test/java/org/joda/time/convert/MockZeroNullIntegerConverter.java
0,60,JodaTime/src/test/java/org/joda/time/convert/TestAll.java
0,181,JodaTime/src/test/java/org/joda/time/convert/TestCalendarConverter.java
0,992,JodaTime/src/test/java/org/joda/time/convert/TestConverterManager.java
0,189,JodaTime/src/test/java/org/joda/time/convert/TestConverterSet.java
0,119,JodaTime/src/test/java/org/joda/time/convert/TestDateConverter.java
0,121,JodaTime/src/test/java/org/joda/time/convert/TestLongConverter.java
0,191,JodaTime/src/test/java/org/joda/time/convert/TestNullConverter.java
0,121,JodaTime/src/test/java/org/joda/time/convert/TestReadableDurationConverter.java
0,147,JodaTime/src/test/java/org/joda/time/convert/TestReadableInstantConverter.java
0,188,JodaTime/src/test/java/org/joda/time/convert/TestReadableIntervalConverter.java
0,147,JodaTime/src/test/java/org/joda/time/convert/TestReadablePartialConverter.java
0,114,JodaTime/src/test/java/org/joda/time/convert/TestReadablePeriodConverter.java
0,570,JodaTime/src/test/java/org/joda/time/convert/TestStringConverter.java
0,59,JodaTime/src/test/java/org/joda/time/field/TestAll.java
0,616,JodaTime/src/test/java/org/joda/time/field/TestBaseDateTimeField.java
0,191,JodaTime/src/test/java/org/joda/time/field/TestFieldUtils.java
0,216,JodaTime/src/test/java/org/joda/time/field/TestMillisDurationField.java
0,551,JodaTime/src/test/java/org/joda/time/field/TestOffsetDateTimeField.java
0,660,JodaTime/src/test/java/org/joda/time/field/TestPreciseDateTimeField.java
0,664,JodaTime/src/test/java/org/joda/time/field/TestPreciseDurationDateTimeField.java
0,275,JodaTime/src/test/java/org/joda/time/field/TestPreciseDurationField.java
0,292,JodaTime/src/test/java/org/joda/time/field/TestScaledDurationField.java
0,657,JodaTime/src/test/java/org/joda/time/field/TestUnsupportedDateTimeField.java
0,65,JodaTime/src/test/java/org/joda/time/format/TestAll.java
0,1178,JodaTime/src/test/java/org/joda/time/format/TestDateTimeFormat.java
0,370,JodaTime/src/test/java/org/joda/time/format/TestDateTimeFormatStyle.java
0,907,JodaTime/src/test/java/org/joda/time/format/TestDateTimeFormatter.java
0,208,JodaTime/src/test/java/org/joda/time/format/TestDateTimeFormatterBuilder.java
0,597,JodaTime/src/test/java/org/joda/time/format/TestISODateTimeFormat.java
0,826,JodaTime/src/test/java/org/joda/time/format/TestISODateTimeFormatParsing.java
0,1151,JodaTime/src/test/java/org/joda/time/format/TestISODateTimeFormat_Fields.java
0,190,JodaTime/src/test/java/org/joda/time/format/TestISOPeriodFormat.java
0,204,JodaTime/src/test/java/org/joda/time/format/TestISOPeriodFormatParsing.java
0,292,JodaTime/src/test/java/org/joda/time/format/TestPeriodFormat.java
0,134,JodaTime/src/test/java/org/joda/time/format/TestPeriodFormatParsing.java
0,232,JodaTime/src/test/java/org/joda/time/format/TestPeriodFormatter.java
0,872,JodaTime/src/test/java/org/joda/time/format/TestPeriodFormatterBuilder.java
0,151,JodaTime/src/test/java/org/joda/time/format/TestTextFields.java
0,51,JodaTime/src/test/java/org/joda/time/tz/TestAll.java
0,314,JodaTime/src/test/java/org/joda/time/tz/TestBuilder.java
0,200,JodaTime/src/test/java/org/joda/time/tz/TestCompiler.java
0,111,JodaTime/src/test/java/org/joda/time/tz/TestFixedDateTimeZone.java
0,75,JodaTime/src/test/java/org/joda/time/tz/TestUTCProvider.java
-,-,JodaTime/src/test/resources/BuddhistChronology.dat
-,-,JodaTime/src/test/resources/CopticChronology.dat
-,-,JodaTime/src/test/resources/DateMidnight.dat
-,-,JodaTime/src/test/resources/DateMidnightProperty.dat
-,-,JodaTime/src/test/resources/DateTime.dat
-,-,JodaTime/src/test/resources/DateTimeFieldType.dat
-,-,JodaTime/src/test/resources/DateTimeProperty.dat
-,-,JodaTime/src/test/resources/DateTimeZone.dat
-,-,JodaTime/src/test/resources/DateTimeZoneUTC.dat
-,-,JodaTime/src/test/resources/DelegatedDurationField.dat
-,-,JodaTime/src/test/resources/DurationFieldType.dat
-,-,JodaTime/src/test/resources/GJChronology.dat
-,-,JodaTime/src/test/resources/GJChronologyChangedInternals.dat
-,-,JodaTime/src/test/resources/GregorianChronology.dat
-,-,JodaTime/src/test/resources/ISOChronology.dat
-,-,JodaTime/src/test/resources/Instant.dat
-,-,JodaTime/src/test/resources/JulianChronology.dat
-,-,JodaTime/src/test/resources/LocalDate.dat
-,-,JodaTime/src/test/resources/LocalDateBuddhist.dat
-,-,JodaTime/src/test/resources/LocalDateTime.dat
-,-,JodaTime/src/test/resources/LocalTime.dat
-,-,JodaTime/src/test/resources/MillisDurationField.dat
-,-,JodaTime/src/test/resources/MutableDateTime.dat
-,-,JodaTime/src/test/resources/MutableDateTimeProperty.dat
-,-,JodaTime/src/test/resources/PeriodType.dat
-,-,JodaTime/src/test/resources/TimeOfDay.dat
-,-,JodaTime/src/test/resources/TimeOfDayProperty.dat
-,-,JodaTime/src/test/resources/UnsupportedDateTimeField.dat
-,-,JodaTime/src/test/resources/UnsupportedDurationField.dat
-,-,JodaTime/src/test/resources/YearMonthDay.dat
-,-,JodaTime/src/test/resources/YearMonthDayProperty.dat
202,0,LICENSE.txt
5,0,NOTICE.txt
263,0,RELEASE-NOTES.txt
56,0,ToDo.txt
469,0,build.xml
81,0,checkstyle.xml
442,0,pom.xml
2,0,release.bat
23,0,src/conf/MANIFEST.MF
360,0,src/example/org/joda/example/time/AgeCalculator.java
53,0,src/example/org/joda/example/time/DateTimeBrowser.README.txt
1162,0,src/example/org/joda/example/time/DateTimeBrowser.java
33,0,src/example/org/joda/example/time/DateTimeFile.dat
900,0,src/example/org/joda/example/time/DateTimePerformance.java
115,0,src/example/org/joda/example/time/Examples.java
179,0,src/example/org/joda/example/time/TimeZoneTable.java
25,0,src/main/assembly/bin.xml
35,0,src/main/assembly/src.xml
504,0,src/main/java/org/joda/time/Chronology.java
1412,0,src/main/java/org/joda/time/DateMidnight.java
2219,0,src/main/java/org/joda/time/DateTime.java
257,0,src/main/java/org/joda/time/DateTimeComparator.java
172,0,src/main/java/org/joda/time/DateTimeConstants.java
673,0,src/main/java/org/joda/time/DateTimeField.java
595,0,src/main/java/org/joda/time/DateTimeFieldType.java
451,0,src/main/java/org/joda/time/DateTimeUtils.java
1278,0,src/main/java/org/joda/time/DateTimeZone.java
491,0,src/main/java/org/joda/time/Days.java
473,0,src/main/java/org/joda/time/Duration.java
320,0,src/main/java/org/joda/time/DurationField.java
335,0,src/main/java/org/joda/time/DurationFieldType.java
490,0,src/main/java/org/joda/time/Hours.java
329,0,src/main/java/org/joda/time/IllegalFieldValueException.java
349,0,src/main/java/org/joda/time/Instant.java
485,0,src/main/java/org/joda/time/Interval.java
60,0,src/main/java/org/joda/time/JodaTimePermission.java
2032,0,src/main/java/org/joda/time/LocalDate.java
2264,0,src/main/java/org/joda/time/LocalDateTime.java
1579,0,src/main/java/org/joda/time/LocalTime.java
471,0,src/main/java/org/joda/time/Minutes.java
925,0,src/main/java/org/joda/time/MonthDay.java
397,0,src/main/java/org/joda/time/Months.java
1415,0,src/main/java/org/joda/time/MutableDateTime.java
414,0,src/main/java/org/joda/time/MutableInterval.java
1013,0,src/main/java/org/joda/time/MutablePeriod.java
997,0,src/main/java/org/joda/time/Partial.java
1574,0,src/main/java/org/joda/time/Period.java
858,0,src/main/java/org/joda/time/PeriodType.java
267,0,src/main/java/org/joda/time/ReadWritableDateTime.java
159,0,src/main/java/org/joda/time/ReadWritableInstant.java
135,0,src/main/java/org/joda/time/ReadWritableInterval.java
280,0,src/main/java/org/joda/time/ReadWritablePeriod.java
202,0,src/main/java/org/joda/time/ReadableDateTime.java
152,0,src/main/java/org/joda/time/ReadableDuration.java
181,0,src/main/java/org/joda/time/ReadableInstant.java
321,0,src/main/java/org/joda/time/ReadableInterval.java
187,0,src/main/java/org/joda/time/ReadablePartial.java
167,0,src/main/java/org/joda/time/ReadablePeriod.java
471,0,src/main/java/org/joda/time/Seconds.java
1226,0,src/main/java/org/joda/time/TimeOfDay.java
477,0,src/main/java/org/joda/time/Weeks.java
942,0,src/main/java/org/joda/time/YearMonth.java
1119,0,src/main/java/org/joda/time/YearMonthDay.java
361,0,src/main/java/org/joda/time/Years.java
317,0,src/main/java/org/joda/time/base/AbstractDateTime.java
206,0,src/main/java/org/joda/time/base/AbstractDuration.java
442,0,src/main/java/org/joda/time/base/AbstractInstant.java
492,0,src/main/java/org/joda/time/base/AbstractInterval.java
420,0,src/main/java/org/joda/time/base/AbstractPartial.java
224,0,src/main/java/org/joda/time/base/AbstractPeriod.java
332,0,src/main/java/org/joda/time/base/BaseDateTime.java
272,0,src/main/java/org/joda/time/base/BaseDuration.java
254,0,src/main/java/org/joda/time/base/BaseInterval.java
62,0,src/main/java/org/joda/time/base/BaseLocal.java
303,0,src/main/java/org/joda/time/base/BasePartial.java
625,0,src/main/java/org/joda/time/base/BasePeriod.java
344,0,src/main/java/org/joda/time/base/BaseSingleFieldPeriod.java
39,0,src/main/java/org/joda/time/base/package.html
565,0,src/main/java/org/joda/time/chrono/AssembledChronology.java
680,0,src/main/java/org/joda/time/chrono/BaseChronology.java
776,0,src/main/java/org/joda/time/chrono/BasicChronology.java
105,0,src/main/java/org/joda/time/chrono/BasicDayOfMonthDateTimeField.java
102,0,src/main/java/org/joda/time/chrono/BasicDayOfYearDateTimeField.java
161,0,src/main/java/org/joda/time/chrono/BasicFixedMonthChronology.java
201,0,src/main/java/org/joda/time/chrono/BasicGJChronology.java
360,0,src/main/java/org/joda/time/chrono/BasicMonthOfYearDateTimeField.java
134,0,src/main/java/org/joda/time/chrono/BasicSingleEraDateTimeField.java
120,0,src/main/java/org/joda/time/chrono/BasicWeekOfWeekyearDateTimeField.java
252,0,src/main/java/org/joda/time/chrono/BasicWeekyearDateTimeField.java
146,0,src/main/java/org/joda/time/chrono/BasicYearDateTimeField.java
238,0,src/main/java/org/joda/time/chrono/BuddhistChronology.java
261,0,src/main/java/org/joda/time/chrono/CopticChronology.java
259,0,src/main/java/org/joda/time/chrono/EthiopicChronology.java
1091,0,src/main/java/org/joda/time/chrono/GJChronology.java
141,0,src/main/java/org/joda/time/chrono/GJDayOfWeekDateTimeField.java
152,0,src/main/java/org/joda/time/chrono/GJEraDateTimeField.java
255,0,src/main/java/org/joda/time/chrono/GJLocaleSymbols.java
65,0,src/main/java/org/joda/time/chrono/GJMonthOfYearDateTimeField.java
118,0,src/main/java/org/joda/time/chrono/GJYearOfEraDateTimeField.java
244,0,src/main/java/org/joda/time/chrono/GregorianChronology.java
235,0,src/main/java/org/joda/time/chrono/ISOChronology.java
112,0,src/main/java/org/joda/time/chrono/ISOYearOfEraDateTimeField.java
543,0,src/main/java/org/joda/time/chrono/IslamicChronology.java
273,0,src/main/java/org/joda/time/chrono/JulianChronology.java
156,0,src/main/java/org/joda/time/chrono/LenientChronology.java
606,0,src/main/java/org/joda/time/chrono/LimitChronology.java
156,0,src/main/java/org/joda/time/chrono/StrictChronology.java
602,0,src/main/java/org/joda/time/chrono/ZonedChronology.java
51,0,src/main/java/org/joda/time/chrono/package.html
161,0,src/main/java/org/joda/time/convert/AbstractConverter.java
135,0,src/main/java/org/joda/time/convert/CalendarConverter.java
34,0,src/main/java/org/joda/time/convert/Converter.java
597,0,src/main/java/org/joda/time/convert/ConverterManager.java
328,0,src/main/java/org/joda/time/convert/ConverterSet.java
69,0,src/main/java/org/joda/time/convert/DateConverter.java
36,0,src/main/java/org/joda/time/convert/DurationConverter.java
72,0,src/main/java/org/joda/time/convert/InstantConverter.java
53,0,src/main/java/org/joda/time/convert/IntervalConverter.java
80,0,src/main/java/org/joda/time/convert/LongConverter.java
98,0,src/main/java/org/joda/time/convert/NullConverter.java
89,0,src/main/java/org/joda/time/convert/PartialConverter.java
51,0,src/main/java/org/joda/time/convert/PeriodConverter.java
91,0,src/main/java/org/joda/time/convert/ReadableDurationConverter.java
113,0,src/main/java/org/joda/time/convert/ReadableInstantConverter.java
116,0,src/main/java/org/joda/time/convert/ReadableIntervalConverter.java
107,0,src/main/java/org/joda/time/convert/ReadablePartialConverter.java
84,0,src/main/java/org/joda/time/convert/ReadablePeriodConverter.java
244,0,src/main/java/org/joda/time/convert/StringConverter.java
33,0,src/main/java/org/joda/time/convert/package.html
360,0,src/main/java/org/joda/time/field/AbstractPartialFieldProperty.java
474,0,src/main/java/org/joda/time/field/AbstractReadableInstantFieldProperty.java
1006,0,src/main/java/org/joda/time/field/BaseDateTimeField.java
168,0,src/main/java/org/joda/time/field/BaseDurationField.java
105,0,src/main/java/org/joda/time/field/DecoratedDateTimeField.java
104,0,src/main/java/org/joda/time/field/DecoratedDurationField.java
279,0,src/main/java/org/joda/time/field/DelegatedDateTimeField.java
158,0,src/main/java/org/joda/time/field/DelegatedDurationField.java
229,0,src/main/java/org/joda/time/field/DividedDateTimeField.java
327,0,src/main/java/org/joda/time/field/FieldUtils.java
200,0,src/main/java/org/joda/time/field/ImpreciseDateTimeField.java
77,0,src/main/java/org/joda/time/field/LenientDateTimeField.java
163,0,src/main/java/org/joda/time/field/MillisDurationField.java
218,0,src/main/java/org/joda/time/field/OffsetDateTimeField.java
146,0,src/main/java/org/joda/time/field/PreciseDateTimeField.java
166,0,src/main/java/org/joda/time/field/PreciseDurationDateTimeField.java
148,0,src/main/java/org/joda/time/field/PreciseDurationField.java
202,0,src/main/java/org/joda/time/field/RemainderDateTimeField.java
154,0,src/main/java/org/joda/time/field/ScaledDurationField.java
107,0,src/main/java/org/joda/time/field/SkipDateTimeField.java
102,0,src/main/java/org/joda/time/field/SkipUndoDateTimeField.java
71,0,src/main/java/org/joda/time/field/StrictDateTimeField.java
547,0,src/main/java/org/joda/time/field/UnsupportedDateTimeField.java
279,0,src/main/java/org/joda/time/field/UnsupportedDurationField.java
204,0,src/main/java/org/joda/time/field/ZeroIsMaxDateTimeField.java
33,0,src/main/java/org/joda/time/field/package.html
852,0,src/main/java/org/joda/time/format/DateTimeFormat.java
925,0,src/main/java/org/joda/time/format/DateTimeFormatter.java
2725,0,src/main/java/org/joda/time/format/DateTimeFormatterBuilder.java
64,0,src/main/java/org/joda/time/format/DateTimeParser.java
510,0,src/main/java/org/joda/time/format/DateTimeParserBucket.java
104,0,src/main/java/org/joda/time/format/DateTimePrinter.java
377,0,src/main/java/org/joda/time/format/FormatUtils.java
1679,0,src/main/java/org/joda/time/format/ISODateTimeFormat.java
206,0,src/main/java/org/joda/time/format/ISOPeriodFormat.java
131,0,src/main/java/org/joda/time/format/PeriodFormat.java
340,0,src/main/java/org/joda/time/format/PeriodFormatter.java
1868,0,src/main/java/org/joda/time/format/PeriodFormatterBuilder.java
62,0,src/main/java/org/joda/time/format/PeriodParser.java
83,0,src/main/java/org/joda/time/format/PeriodPrinter.java
22,0,src/main/java/org/joda/time/format/messages.properties
22,0,src/main/java/org/joda/time/format/messages_de.properties
22,0,src/main/java/org/joda/time/format/messages_es.properties
22,0,src/main/java/org/joda/time/format/messages_fr.properties
22,0,src/main/java/org/joda/time/format/messages_nl.properties
22,0,src/main/java/org/joda/time/format/messages_pt.properties
41,0,src/main/java/org/joda/time/format/package.html
40,0,src/main/java/org/joda/time/overview.html
176,0,src/main/java/org/joda/time/package.html
223,0,src/main/java/org/joda/time/tz/CachedDateTimeZone.java
1728,0,src/main/java/org/joda/time/tz/DateTimeZoneBuilder.java
89,0,src/main/java/org/joda/time/tz/DefaultNameProvider.java
105,0,src/main/java/org/joda/time/tz/FixedDateTimeZone.java
44,0,src/main/java/org/joda/time/tz/NameProvider.java
44,0,src/main/java/org/joda/time/tz/Provider.java
58,0,src/main/java/org/joda/time/tz/UTCProvider.java
840,0,src/main/java/org/joda/time/tz/ZoneInfoCompiler.java
291,0,src/main/java/org/joda/time/tz/ZoneInfoProvider.java
32,0,src/main/java/org/joda/time/tz/package.html
2,0,src/main/java/org/joda/time/tz/src/Readme.txt
1048,0,src/main/java/org/joda/time/tz/src/africa
411,0,src/main/java/org/joda/time/tz/src/antarctica
2586,0,src/main/java/org/joda/time/tz/src/asia
1562,0,src/main/java/org/joda/time/tz/src/australasia
118,0,src/main/java/org/joda/time/tz/src/backward
83,0,src/main/java/org/joda/time/tz/src/etcetera
2724,0,src/main/java/org/joda/time/tz/src/europe
2897,0,src/main/java/org/joda/time/tz/src/northamerica
29,0,src/main/java/org/joda/time/tz/src/pacificnew
1568,0,src/main/java/org/joda/time/tz/src/southamerica
39,0,src/main/java/org/joda/time/tz/src/systemv
129,0,src/site/resources/css/site.css
-,-,src/site/resources/images/joda.png
-,-,src/site/resources/images/jodatime.png
83,0,src/site/site.xml
57,0,src/site/xdoc/cal_buddhist.xml
61,0,src/site/xdoc/cal_coptic.xml
60,0,src/site/xdoc/cal_ethiopic.xml
66,0,src/site/xdoc/cal_gj.xml
58,0,src/site/xdoc/cal_gregorian.xml
104,0,src/site/xdoc/cal_islamic.xml
128,0,src/site/xdoc/cal_iso.xml
52,0,src/site/xdoc/cal_julian.xml
289,0,src/site/xdoc/faq.xml
488,0,src/site/xdoc/field.xml
171,0,src/site/xdoc/index.xml
52,0,src/site/xdoc/installation.xml
81,0,src/site/xdoc/key_chronology.xml
77,0,src/site/xdoc/key_duration.xml
105,0,src/site/xdoc/key_instant.xml
83,0,src/site/xdoc/key_interval.xml
122,0,src/site/xdoc/key_partial.xml
182,0,src/site/xdoc/key_period.xml
49,0,src/site/xdoc/privacy.xml
155,0,src/site/xdoc/quickstart.xml
41,0,src/site/xdoc/related.xml
39,0,src/site/xdoc/tasks.xml
459,0,src/site/xdoc/timezones.xml
54,0,src/site/xdoc/tz_update.xml
186,0,src/site/xdoc/upgradeto099.xml
61,0,src/site/xdoc/upgradeto100.xml
199,0,src/site/xdoc/upgradeto110.xml
142,0,src/site/xdoc/upgradeto120.xml
76,0,src/site/xdoc/upgradeto121.xml
152,0,src/site/xdoc/upgradeto130.xml
88,0,src/site/xdoc/upgradeto140.xml
198,0,src/site/xdoc/upgradeto150.xml
68,0,src/site/xdoc/upgradeto151.xml
77,0,src/site/xdoc/upgradeto152.xml
132,0,src/site/xdoc/upgradeto160.xml
91,0,src/site/xdoc/upgradeto161.xml
196,0,src/site/xdoc/upgradeto200.xml
989,0,src/site/xdoc/userguide.xml
51,0,src/test/java/org/joda/time/ClassLoadTest.java
44,0,src/test/java/org/joda/time/MockNullZoneChronology.java
62,0,src/test/java/org/joda/time/MockPartial.java
58,0,src/test/java/org/joda/time/MockZone.java
228,0,src/test/java/org/joda/time/TestAbstractPartial.java
142,0,src/test/java/org/joda/time/TestAll.java
60,0,src/test/java/org/joda/time/TestAllPackages.java
145,0,src/test/java/org/joda/time/TestBasePartial.java
333,0,src/test/java/org/joda/time/TestBaseSingleFieldPeriod.java
249,0,src/test/java/org/joda/time/TestChronology.java
1020,0,src/test/java/org/joda/time/TestDateMidnight_Basics.java
569,0,src/test/java/org/joda/time/TestDateMidnight_Constructors.java
544,0,src/test/java/org/joda/time/TestDateMidnight_Properties.java
948,0,src/test/java/org/joda/time/TestDateTimeComparator.java
117,0,src/test/java/org/joda/time/TestDateTimeConstants.java
327,0,src/test/java/org/joda/time/TestDateTimeFieldType.java
471,0,src/test/java/org/joda/time/TestDateTimeUtils.java
1003,0,src/test/java/org/joda/time/TestDateTimeZone.java
1285,0,src/test/java/org/joda/time/TestDateTimeZoneCutover.java
1227,0,src/test/java/org/joda/time/TestDateTime_Basics.java
736,0,src/test/java/org/joda/time/TestDateTime_Constructors.java
1382,0,src/test/java/org/joda/time/TestDateTime_Properties.java
401,0,src/test/java/org/joda/time/TestDays.java
62,0,src/test/java/org/joda/time/TestDurationField.java
189,0,src/test/java/org/joda/time/TestDurationFieldType.java
775,0,src/test/java/org/joda/time/TestDuration_Basics.java
259,0,src/test/java/org/joda/time/TestDuration_Constructors.java
396,0,src/test/java/org/joda/time/TestHours.java
337,0,src/test/java/org/joda/time/TestIllegalFieldValueException.java
593,0,src/test/java/org/joda/time/TestInstant_Basics.java
172,0,src/test/java/org/joda/time/TestInstant_Constructors.java
1262,0,src/test/java/org/joda/time/TestInterval_Basics.java
704,0,src/test/java/org/joda/time/TestInterval_Constructors.java
1000,0,src/test/java/org/joda/time/TestLocalDateTime_Basics.java
724,0,src/test/java/org/joda/time/TestLocalDateTime_Constructors.java
1084,0,src/test/java/org/joda/time/TestLocalDateTime_Properties.java
1127,0,src/test/java/org/joda/time/TestLocalDate_Basics.java
543,0,src/test/java/org/joda/time/TestLocalDate_Constructors.java
555,0,src/test/java/org/joda/time/TestLocalDate_Properties.java
815,0,src/test/java/org/joda/time/TestLocalTime_Basics.java
755,0,src/test/java/org/joda/time/TestLocalTime_Constructors.java
785,0,src/test/java/org/joda/time/TestLocalTime_Properties.java
379,0,src/test/java/org/joda/time/TestMinutes.java
658,0,src/test/java/org/joda/time/TestMonthDay_Basics.java
404,0,src/test/java/org/joda/time/TestMonthDay_Constructors.java
343,0,src/test/java/org/joda/time/TestMonthDay_Properties.java
338,0,src/test/java/org/joda/time/TestMonths.java
257,0,src/test/java/org/joda/time/TestMutableDateTime_Adds.java
753,0,src/test/java/org/joda/time/TestMutableDateTime_Basics.java
539,0,src/test/java/org/joda/time/TestMutableDateTime_Constructors.java
776,0,src/test/java/org/joda/time/TestMutableDateTime_Properties.java
583,0,src/test/java/org/joda/time/TestMutableDateTime_Sets.java
489,0,src/test/java/org/joda/time/TestMutableInterval_Basics.java
680,0,src/test/java/org/joda/time/TestMutableInterval_Constructors.java
398,0,src/test/java/org/joda/time/TestMutableInterval_Updates.java
454,0,src/test/java/org/joda/time/TestMutablePeriod_Basics.java
972,0,src/test/java/org/joda/time/TestMutablePeriod_Constructors.java
1455,0,src/test/java/org/joda/time/TestMutablePeriod_Updates.java
403,0,src/test/java/org/joda/time/TestParseISO.java
908,0,src/test/java/org/joda/time/TestPartial_Basics.java
459,0,src/test/java/org/joda/time/TestPartial_Constructors.java
174,0,src/test/java/org/joda/time/TestPartial_Match.java
416,0,src/test/java/org/joda/time/TestPartial_Properties.java
898,0,src/test/java/org/joda/time/TestPeriodType.java
1442,0,src/test/java/org/joda/time/TestPeriod_Basics.java
1383,0,src/test/java/org/joda/time/TestPeriod_Constructors.java
369,0,src/test/java/org/joda/time/TestSeconds.java
499,0,src/test/java/org/joda/time/TestSerialization.java
202,0,src/test/java/org/joda/time/TestStringConvert.java
916,0,src/test/java/org/joda/time/TestTimeOfDay_Basics.java
765,0,src/test/java/org/joda/time/TestTimeOfDay_Constructors.java
736,0,src/test/java/org/joda/time/TestTimeOfDay_Properties.java
399,0,src/test/java/org/joda/time/TestWeeks.java
847,0,src/test/java/org/joda/time/TestYearMonthDay_Basics.java
467,0,src/test/java/org/joda/time/TestYearMonthDay_Constructors.java
558,0,src/test/java/org/joda/time/TestYearMonthDay_Properties.java
655,0,src/test/java/org/joda/time/TestYearMonth_Basics.java
404,0,src/test/java/org/joda/time/TestYearMonth_Constructors.java
366,0,src/test/java/org/joda/time/TestYearMonth_Properties.java
320,0,src/test/java/org/joda/time/TestYears.java
59,0,src/test/java/org/joda/time/chrono/TestAll.java
365,0,src/test/java/org/joda/time/chrono/TestBuddhistChronology.java
548,0,src/test/java/org/joda/time/chrono/TestCopticChronology.java
548,0,src/test/java/org/joda/time/chrono/TestEthiopicChronology.java
492,0,src/test/java/org/joda/time/chrono/TestGJChronology.java
280,0,src/test/java/org/joda/time/chrono/TestGregorianChronology.java
423,0,src/test/java/org/joda/time/chrono/TestISOChronology.java
708,0,src/test/java/org/joda/time/chrono/TestIslamicChronology.java
269,0,src/test/java/org/joda/time/chrono/TestJulianChronology.java
170,0,src/test/java/org/joda/time/chrono/TestLenientChronology.java
444,0,src/test/java/org/joda/time/chrono/gj/MainTest.java
49,0,src/test/java/org/joda/time/chrono/gj/TestAll.java
294,0,src/test/java/org/joda/time/chrono/gj/TestGJChronology.java
43,0,src/test/java/org/joda/time/chrono/gj/TestGJDateTimeField.java
67,0,src/test/java/org/joda/time/chrono/gj/TestGJDayOfMonthField.java
61,0,src/test/java/org/joda/time/chrono/gj/TestGJDayOfWeekField.java
63,0,src/test/java/org/joda/time/chrono/gj/TestGJDayOfYearField.java
93,0,src/test/java/org/joda/time/chrono/gj/TestGJMonthOfYearField.java
69,0,src/test/java/org/joda/time/chrono/gj/TestGJWeekOfWeekyearField.java
79,0,src/test/java/org/joda/time/chrono/gj/TestGJWeekyearField.java
75,0,src/test/java/org/joda/time/chrono/gj/TestGJYearField.java
137,0,src/test/java/org/joda/time/chrono/gj/TestGregorianChronology.java
165,0,src/test/java/org/joda/time/chrono/gj/TestJulianChronology.java
30,0,src/test/java/org/joda/time/chrono/gj/TestJulianDayOfMonthField.java
60,0,src/test/java/org/joda/time/chrono/gj/TestJulianMonthOfYearField.java
58,0,src/test/java/org/joda/time/chrono/gj/TestJulianWeekyearField.java
58,0,src/test/java/org/joda/time/chrono/gj/TestJulianYearField.java
47,0,src/test/java/org/joda/time/convert/MockBadChronology.java
66,0,src/test/java/org/joda/time/convert/MockUnknownCalendar.java
55,0,src/test/java/org/joda/time/convert/MockUnknownTimeZone.java
51,0,src/test/java/org/joda/time/convert/MockZeroNullIntegerConverter.java
60,0,src/test/java/org/joda/time/convert/TestAll.java
181,0,src/test/java/org/joda/time/convert/TestCalendarConverter.java
992,0,src/test/java/org/joda/time/convert/TestConverterManager.java
189,0,src/test/java/org/joda/time/convert/TestConverterSet.java
119,0,src/test/java/org/joda/time/convert/TestDateConverter.java
121,0,src/test/java/org/joda/time/convert/TestLongConverter.java
191,0,src/test/java/org/joda/time/convert/TestNullConverter.java
121,0,src/test/java/org/joda/time/convert/TestReadableDurationConverter.java
147,0,src/test/java/org/joda/time/convert/TestReadableInstantConverter.java
188,0,src/test/java/org/joda/time/convert/TestReadableIntervalConverter.java
147,0,src/test/java/org/joda/time/convert/TestReadablePartialConverter.java
114,0,src/test/java/org/joda/time/convert/TestReadablePeriodConverter.java
570,0,src/test/java/org/joda/time/convert/TestStringConverter.java
59,0,src/test/java/org/joda/time/field/TestAll.java
616,0,src/test/java/org/joda/time/field/TestBaseDateTimeField.java
191,0,src/test/java/org/joda/time/field/TestFieldUtils.java
216,0,src/test/java/org/joda/time/field/TestMillisDurationField.java
551,0,src/test/java/org/joda/time/field/TestOffsetDateTimeField.java
660,0,src/test/java/org/joda/time/field/TestPreciseDateTimeField.java
664,0,src/test/java/org/joda/time/field/TestPreciseDurationDateTimeField.java
275,0,src/test/java/org/joda/time/field/TestPreciseDurationField.java
292,0,src/test/java/org/joda/time/field/TestScaledDurationField.java
657,0,src/test/java/org/joda/time/field/TestUnsupportedDateTimeField.java
65,0,src/test/java/org/joda/time/format/TestAll.java
1178,0,src/test/java/org/joda/time/format/TestDateTimeFormat.java
370,0,src/test/java/org/joda/time/format/TestDateTimeFormatStyle.java
907,0,src/test/java/org/joda/time/format/TestDateTimeFormatter.java
208,0,src/test/java/org/joda/time/format/TestDateTimeFormatterBuilder.java
597,0,src/test/java/org/joda/time/format/TestISODateTimeFormat.java
826,0,src/test/java/org/joda/time/format/TestISODateTimeFormatParsing.java
1151,0,src/test/java/org/joda/time/format/TestISODateTimeFormat_Fields.java
190,0,src/test/java/org/joda/time/format/TestISOPeriodFormat.java
204,0,src/test/java/org/joda/time/format/TestISOPeriodFormatParsing.java
292,0,src/test/java/org/joda/time/format/TestPeriodFormat.java
134,0,src/test/java/org/joda/time/format/TestPeriodFormatParsing.java
232,0,src/test/java/org/joda/time/format/TestPeriodFormatter.java
872,0,src/test/java/org/joda/time/format/TestPeriodFormatterBuilder.java
151,0,src/test/java/org/joda/time/format/TestTextFields.java
51,0,src/test/java/org/joda/time/tz/TestAll.java
314,0,src/test/java/org/joda/time/tz/TestBuilder.java
200,0,src/test/java/org/joda/time/tz/TestCompiler.java
111,0,src/test/java/org/joda/time/tz/TestFixedDateTimeZone.java
75,0,src/test/java/org/joda/time/tz/TestUTCProvider.java
-,-,src/test/resources/BuddhistChronology.dat
-,-,src/test/resources/CopticChronology.dat
-,-,src/test/resources/DateMidnight.dat
-,-,src/test/resources/DateMidnightProperty.dat
-,-,src/test/resources/DateTime.dat
-,-,src/test/resources/DateTimeFieldType.dat
-,-,src/test/resources/DateTimeProperty.dat
-,-,src/test/resources/DateTimeZone.dat
-,-,src/test/resources/DateTimeZoneUTC.dat
-,-,src/test/resources/DelegatedDurationField.dat
-,-,src/test/resources/DurationFieldType.dat
-,-,src/test/resources/GJChronology.dat
-,-,src/test/resources/GJChronologyChangedInternals.dat
-,-,src/test/resources/GregorianChronology.dat
-,-,src/test/resources/ISOChronology.dat
-,-,src/test/resources/Instant.dat
-,-,src/test/resources/JulianChronology.dat
-,-,src/test/resources/LocalDate.dat
-,-,src/test/resources/LocalDateBuddhist.dat
-,-,src/test/resources/LocalDateTime.dat
-,-,src/test/resources/LocalTime.dat
-,-,src/test/resources/MillisDurationField.dat
-,-,src/test/resources/MutableDateTime.dat
-,-,src/test/resources/MutableDateTimeProperty.dat
-,-,src/test/resources/PeriodType.dat
-,-,src/test/resources/TimeOfDay.dat
-,-,src/test/resources/TimeOfDayProperty.dat
-,-,src/test/resources/UnsupportedDateTimeField.dat
-,-,src/test/resources/UnsupportedDurationField.dat
-,-,src/test/resources/YearMonthDay.dat
-,-,src/test/resources/YearMonthDayProperty.dat
